2025-10-07 04:24:45,925 - Knowledge - INFO - Redis support added with prefix knowledge:b64623x:
2025-10-07 04:24:46,280 - Knowledge - INFO - load persisted knowledge: begin
2025-10-07 04:24:46,401 - Knowledge - INFO - load persisted knowledge: end
2025-10-07 04:24:46,481 - Knowledge - INFO - load persisted docinfo: begin
2025-10-07 04:24:46,576 - Knowledge - INFO - load persisted docinfo: end
2025-10-07 04:24:46,775 - Knowledge - INFO - worker kw1 created with dedicated MongoDB connection (total: 1)
2025-10-07 04:24:46,872 - Knowledge - INFO - knowledge worker kw1 start
2025-10-07 04:24:46,878 - Knowledge - INFO - worker kw2 created with dedicated MongoDB connection (total: 2)
2025-10-07 04:24:47,008 - Knowledge - INFO - worker kw1 pull /app/data/T0015/147392/b64623x/WeatherApp-Android-147392/settings.gradle from ingest queue
2025-10-07 04:24:47,094 - Knowledge - INFO - knowledge worker kw2 start
2025-10-07 04:24:47,096 - Knowledge - INFO - worker kw3 created with dedicated MongoDB connection (total: 3)
2025-10-07 04:24:47,212 - Knowledge - INFO - process ingested knowledge for /app/data/T0015/147392/b64623x/WeatherApp-Android-147392/settings.gradle
2025-10-07 04:24:47,299 - Knowledge - INFO - worker kw2 pull /app/data/T0015/147392/b64623x/WeatherApp-Android-147392/app/src/test/java/com/aniketjain/weatherapp/ExampleUnitTest.java from ingest queue
2025-10-07 04:24:47,407 - Knowledge - INFO - knowledge worker kw3 start
2025-10-07 04:24:47,408 - Knowledge - INFO - worker kw4 created with dedicated MongoDB connection (total: 4)
2025-10-07 04:24:47,506 - Knowledge - INFO - Found code-base-name: https://github.com/kavia-common/WeatherApp-Android-147392.git:kavia-master
2025-10-07 04:24:47,622 - Knowledge - INFO - process ingested knowledge for /app/data/T0015/147392/b64623x/WeatherApp-Android-147392/app/src/test/java/com/aniketjain/weatherapp/ExampleUnitTest.java
2025-10-07 04:24:47,684 - Knowledge - INFO - worker kw3 pull /app/data/T0015/147392/b64623x/WeatherApp-Android-147392/app/src/androidTest/java/com/aniketjain/weatherapp/ExampleInstrumentedTest.java from ingest queue
2025-10-07 04:24:47,774 - Knowledge - INFO - knowledge worker kw4 start
2025-10-07 04:24:47,776 - Knowledge - INFO - worker kw5 created with dedicated MongoDB connection (total: 5)
2025-10-07 04:24:47,855 - Knowledge - INFO - Found code_base: <app.utils.kg_build.knowledge.KnowledgeCodeBase object at 0x7f3d304e7c90>
2025-10-07 04:24:47,958 - Knowledge - INFO - Found code-base-name: https://github.com/kavia-common/WeatherApp-Android-147392.git:kavia-master
2025-10-07 04:24:48,061 - Knowledge - INFO - process ingested knowledge for /app/data/T0015/147392/b64623x/WeatherApp-Android-147392/app/src/androidTest/java/com/aniketjain/weatherapp/ExampleInstrumentedTest.java
2025-10-07 04:24:48,144 - Knowledge - INFO - worker kw4 pull /app/data/T0015/147392/b64623x/WeatherApp-Android-147392/app/src/main/java/com/aniketjain/weatherapp/network/InternetConnectivity.java from ingest queue
2025-10-07 04:24:48,224 - Knowledge - INFO - knowledge worker kw5 start
2025-10-07 04:24:48,228 - Knowledge - INFO - worker kw6 created with dedicated MongoDB connection (total: 6)
2025-10-07 04:24:48,330 - Knowledge - INFO - persist ingested knowledge for /app/data/T0015/147392/b64623x/WeatherApp-Android-147392/settings.gradle
2025-10-07 04:24:48,415 - Knowledge - INFO - Found code_base: <app.utils.kg_build.knowledge.KnowledgeCodeBase object at 0x7f3d304e7c90>
2025-10-07 04:24:48,499 - Knowledge - INFO - Found code-base-name: https://github.com/kavia-common/WeatherApp-Android-147392.git:kavia-master
2025-10-07 04:24:48,626 - Knowledge - INFO - process ingested knowledge for /app/data/T0015/147392/b64623x/WeatherApp-Android-147392/app/src/main/java/com/aniketjain/weatherapp/network/InternetConnectivity.java
2025-10-07 04:24:48,700 - Knowledge - INFO - worker kw5 pull /app/data/T0015/147392/b64623x/WeatherApp-Android-147392/app/src/main/java/com/aniketjain/weatherapp/HomeActivity.java from ingest queue
2025-10-07 04:24:48,791 - Knowledge - INFO - knowledge worker kw6 start
2025-10-07 04:24:48,794 - Knowledge - INFO - worker kw7 created with dedicated MongoDB connection (total: 7)
2025-10-07 04:24:48,946 - Knowledge - INFO - adding /app/data/T0015/147392/b64623x/WeatherApp-Android-147392/settings.gradle to ingest queue
2025-10-07 04:24:48,977 - Knowledge - INFO - persist ingested knowledge for /app/data/T0015/147392/b64623x/WeatherApp-Android-147392/app/src/test/java/com/aniketjain/weatherapp/ExampleUnitTest.java
2025-10-07 04:24:49,084 - Knowledge - INFO - Found code_base: <app.utils.kg_build.knowledge.KnowledgeCodeBase object at 0x7f3d304e7c90>
2025-10-07 04:24:49,330 - Knowledge - INFO - process ingested knowledge for /app/data/T0015/147392/b64623x/WeatherApp-Android-147392/app/src/main/java/com/aniketjain/weatherapp/HomeActivity.java
2025-10-07 04:24:49,506 - Knowledge - INFO - knowledge worker kw7 start
2025-10-07 04:24:49,508 - Knowledge - INFO - worker kw8 created with dedicated MongoDB connection (total: 8)
2025-10-07 04:24:49,591 - Knowledge - INFO - Found code-base-name: https://github.com/kavia-common/WeatherApp-Android-147392.git:kavia-master
2025-10-07 04:24:49,592 - Knowledge - INFO - worker kw6 pull /app/data/T0015/147392/b64623x/WeatherApp-Android-147392/app/src/main/java/com/aniketjain/weatherapp/adapter/DaysAdapter.java from ingest queue
2025-10-07 04:24:49,593 - Knowledge - INFO - worker kw1 pull /app/data/T0015/147392/b64623x/WeatherApp-Android-147392/app/src/main/java/com/aniketjain/weatherapp/location/CityFinder.java from ingest queue
2025-10-07 04:24:49,738 - Knowledge - INFO - adding /app/data/T0015/147392/b64623x/WeatherApp-Android-147392/app/src/test/java/com/aniketjain/weatherapp/ExampleUnitTest.java to ingest queue
2025-10-07 04:24:49,779 - Knowledge - INFO - persist ingested knowledge for /app/data/T0015/147392/b64623x/WeatherApp-Android-147392/app/src/androidTest/java/com/aniketjain/weatherapp/ExampleInstrumentedTest.java
2025-10-07 04:24:50,035 - Knowledge - INFO - knowledge worker kw8 start
2025-10-07 04:24:50,036 - Knowledge - INFO - worker kw9 created with dedicated MongoDB connection (total: 9)
2025-10-07 04:24:50,149 - Knowledge - INFO - Found code_base: <app.utils.kg_build.knowledge.KnowledgeCodeBase object at 0x7f3d304e7c90>
2025-10-07 04:24:50,280 - Knowledge - INFO - process ingested knowledge for /app/data/T0015/147392/b64623x/WeatherApp-Android-147392/app/src/main/java/com/aniketjain/weatherapp/adapter/DaysAdapter.java
2025-10-07 04:24:50,414 - Knowledge - INFO - process ingested knowledge for /app/data/T0015/147392/b64623x/WeatherApp-Android-147392/app/src/main/java/com/aniketjain/weatherapp/location/CityFinder.java
2025-10-07 04:24:50,466 - Knowledge - INFO - Found code-base-name: https://github.com/kavia-common/WeatherApp-Android-147392.git:kavia-master
2025-10-07 04:24:50,466 - Knowledge - INFO - worker kw7 pull /app/data/T0015/147392/b64623x/WeatherApp-Android-147392/app/src/main/java/com/aniketjain/weatherapp/location/LocationCord.java from ingest queue
2025-10-07 04:24:50,466 - Knowledge - INFO - worker kw2 pull /app/data/T0015/147392/b64623x/WeatherApp-Android-147392/app/src/main/java/com/aniketjain/weatherapp/url/URL.java from ingest queue
2025-10-07 04:24:50,634 - Knowledge - INFO - adding /app/data/T0015/147392/b64623x/WeatherApp-Android-147392/app/src/androidTest/java/com/aniketjain/weatherapp/ExampleInstrumentedTest.java to ingest queue
2025-10-07 04:24:50,816 - Knowledge - INFO - knowledge worker kw9 start
2025-10-07 04:24:50,817 - Knowledge - INFO - worker kw10 created with dedicated MongoDB connection (total: 10)
2025-10-07 04:24:50,918 - Knowledge - INFO - persist ingested knowledge for /app/data/T0015/147392/b64623x/WeatherApp-Android-147392/app/src/main/java/com/aniketjain/weatherapp/network/InternetConnectivity.java
2025-10-07 04:24:51,195 - Knowledge - INFO - Found code_base: <app.utils.kg_build.knowledge.KnowledgeCodeBase object at 0x7f3d304e7c90>
2025-10-07 04:24:51,307 - Knowledge - INFO - process ingested knowledge for /app/data/T0015/147392/b64623x/WeatherApp-Android-147392/app/src/main/java/com/aniketjain/weatherapp/location/LocationCord.java
2025-10-07 04:24:51,392 - Knowledge - INFO - process ingested knowledge for /app/data/T0015/147392/b64623x/WeatherApp-Android-147392/app/src/main/java/com/aniketjain/weatherapp/url/URL.java
2025-10-07 04:24:51,492 - Knowledge - INFO - worker kw8 pull /app/data/T0015/147392/b64623x/WeatherApp-Android-147392/app/src/main/java/com/aniketjain/weatherapp/update/UpdateUI.java from ingest queue
2025-10-07 04:24:51,493 - Knowledge - INFO - Found code-base-name: https://github.com/kavia-common/WeatherApp-Android-147392.git:kavia-master
2025-10-07 04:24:51,494 - Knowledge - INFO - Found code-base-name: https://github.com/kavia-common/WeatherApp-Android-147392.git:kavia-master
2025-10-07 04:24:51,494 - Knowledge - INFO - worker kw3 pull /app/data/T0015/147392/b64623x/WeatherApp-Android-147392/app/src/main/java/com/aniketjain/weatherapp/SplashScreen.java from ingest queue
2025-10-07 04:24:51,577 - Knowledge - INFO - worker kw9 pull /app/data/T0015/147392/b64623x/WeatherApp-Android-147392/app/src/main/java/com/aniketjain/weatherapp/toast/Toaster.java from ingest queue
2025-10-07 04:24:51,732 - Knowledge - INFO - knowledge worker kw10 start
2025-10-07 04:24:51,734 - Knowledge - INFO - worker kw11 created with dedicated MongoDB connection (total: 11)
2025-10-07 04:24:51,903 - Knowledge - INFO - adding /app/data/T0015/147392/b64623x/WeatherApp-Android-147392/app/src/main/java/com/aniketjain/weatherapp/network/InternetConnectivity.java to ingest queue
2025-10-07 04:24:51,928 - Knowledge - INFO - persist ingested knowledge for /app/data/T0015/147392/b64623x/WeatherApp-Android-147392/app/src/main/java/com/aniketjain/weatherapp/HomeActivity.java
2025-10-07 04:24:52,203 - Knowledge - INFO - process ingested knowledge for /app/data/T0015/147392/b64623x/WeatherApp-Android-147392/app/src/main/java/com/aniketjain/weatherapp/update/UpdateUI.java
2025-10-07 04:24:52,259 - Knowledge - INFO - Found code_base: <app.utils.kg_build.knowledge.KnowledgeCodeBase object at 0x7f3d304e7c90>
2025-10-07 04:24:52,379 - Knowledge - INFO - Found code_base: <app.utils.kg_build.knowledge.KnowledgeCodeBase object at 0x7f3d304e7c90>
2025-10-07 04:24:52,516 - Knowledge - INFO - process ingested knowledge for /app/data/T0015/147392/b64623x/WeatherApp-Android-147392/app/src/main/java/com/aniketjain/weatherapp/SplashScreen.java
2025-10-07 04:24:52,631 - Knowledge - INFO - process ingested knowledge for /app/data/T0015/147392/b64623x/WeatherApp-Android-147392/app/src/main/java/com/aniketjain/weatherapp/toast/Toaster.java
2025-10-07 04:24:52,802 - Knowledge - INFO - knowledge worker kw11 start
2025-10-07 04:24:52,804 - Knowledge - INFO - worker kw12 created with dedicated MongoDB connection (total: 12)
2025-10-07 04:24:52,899 - Knowledge - INFO - Found code-base-name: https://github.com/kavia-common/WeatherApp-Android-147392.git:kavia-master
2025-10-07 04:24:52,899 - Knowledge - INFO - Found code-base-name: https://github.com/kavia-common/WeatherApp-Android-147392.git:kavia-master
2025-10-07 04:24:52,900 - Knowledge - INFO - worker kw10 pull /app/data/T0015/147392/b64623x/WeatherApp-Android-147392/app/src/main/res/values/colors.xml from ingest queue
2025-10-07 04:24:52,901 - Knowledge - INFO - worker kw4 pull /app/data/T0015/147392/b64623x/WeatherApp-Android-147392/app/src/main/res/values/strings.xml from ingest queue
2025-10-07 04:24:53,049 - Knowledge - INFO - adding /app/data/T0015/147392/b64623x/WeatherApp-Android-147392/app/src/main/java/com/aniketjain/weatherapp/HomeActivity.java to ingest queue
2025-10-07 04:24:53,208 - Knowledge - INFO - persist ingested knowledge for /app/data/T0015/147392/b64623x/WeatherApp-Android-147392/app/src/main/java/com/aniketjain/weatherapp/adapter/DaysAdapter.java
2025-10-07 04:24:53,299 - Knowledge - INFO - persist ingested knowledge for /app/data/T0015/147392/b64623x/WeatherApp-Android-147392/app/src/main/java/com/aniketjain/weatherapp/location/CityFinder.java
2025-10-07 04:24:53,738 - Knowledge - INFO - knowledge worker kw12 start
2025-10-07 04:24:53,739 - Knowledge - INFO - worker kw13 created with dedicated MongoDB connection (total: 13)
2025-10-07 04:24:53,825 - Knowledge - INFO - Found code_base: <app.utils.kg_build.knowledge.KnowledgeCodeBase object at 0x7f3d304e7c90>
2025-10-07 04:24:53,925 - Knowledge - INFO - Found code_base: <app.utils.kg_build.knowledge.KnowledgeCodeBase object at 0x7f3d304e7c90>
2025-10-07 04:24:54,081 - Knowledge - INFO - process ingested knowledge for /app/data/T0015/147392/b64623x/WeatherApp-Android-147392/app/src/main/res/values/colors.xml
2025-10-07 04:24:54,167 - Knowledge - INFO - process ingested knowledge for /app/data/T0015/147392/b64623x/WeatherApp-Android-147392/app/src/main/res/values/strings.xml
2025-10-07 04:24:54,219 - Knowledge - INFO - Found code-base-name: https://github.com/kavia-common/WeatherApp-Android-147392.git:kavia-master
2025-10-07 04:24:54,221 - Knowledge - INFO - Found code-base-name: https://github.com/kavia-common/WeatherApp-Android-147392.git:kavia-master
2025-10-07 04:24:54,221 - Knowledge - INFO - Found code-base-name: https://github.com/kavia-common/WeatherApp-Android-147392.git:kavia-master
2025-10-07 04:24:54,221 - Knowledge - INFO - worker kw11 pull /app/data/T0015/147392/b64623x/WeatherApp-Android-147392/app/src/main/res/values/themes.xml from ingest queue
2025-10-07 04:24:54,221 - Knowledge - INFO - worker kw5 pull /app/data/T0015/147392/b64623x/WeatherApp-Android-147392/app/src/main/res/drawable/ic_baseline_error_outline_24.xml from ingest queue
2025-10-07 04:24:54,392 - Knowledge - INFO - adding /app/data/T0015/147392/b64623x/WeatherApp-Android-147392/app/src/main/java/com/aniketjain/weatherapp/adapter/DaysAdapter.java to ingest queue
2025-10-07 04:24:54,645 - Knowledge - INFO - knowledge worker kw13 start
2025-10-07 04:24:54,647 - Knowledge - INFO - worker kw14 created with dedicated MongoDB connection (total: 14)
2025-10-07 04:24:54,754 - Knowledge - INFO - persist ingested knowledge for /app/data/T0015/147392/b64623x/WeatherApp-Android-147392/app/src/main/java/com/aniketjain/weatherapp/location/LocationCord.java
2025-10-07 04:24:54,824 - Knowledge - INFO - persist ingested knowledge for /app/data/T0015/147392/b64623x/WeatherApp-Android-147392/app/src/main/java/com/aniketjain/weatherapp/url/URL.java
2025-10-07 04:24:55,143 - Knowledge - INFO - Found code_base: <app.utils.kg_build.knowledge.KnowledgeCodeBase object at 0x7f3d304e7c90>
2025-10-07 04:24:55,239 - Knowledge - INFO - Found code_base: <app.utils.kg_build.knowledge.KnowledgeCodeBase object at 0x7f3d304e7c90>
2025-10-07 04:24:55,360 - Knowledge - INFO - Found code_base: <app.utils.kg_build.knowledge.KnowledgeCodeBase object at 0x7f3d304e7c90>
2025-10-07 04:24:55,479 - Knowledge - INFO - process ingested knowledge for /app/data/T0015/147392/b64623x/WeatherApp-Android-147392/app/src/main/res/values/themes.xml
2025-10-07 04:24:55,568 - Knowledge - INFO - process ingested knowledge for /app/data/T0015/147392/b64623x/WeatherApp-Android-147392/app/src/main/res/drawable/ic_baseline_error_outline_24.xml
2025-10-07 04:24:55,699 - Knowledge - INFO - worker kw12 pull /app/data/T0015/147392/b64623x/WeatherApp-Android-147392/app/src/main/res/drawable/ic_launcher_foreground.xml from ingest queue
2025-10-07 04:24:55,699 - Knowledge - INFO - Found code-base-name: https://github.com/kavia-common/WeatherApp-Android-147392.git:kavia-master
2025-10-07 04:24:55,699 - Knowledge - INFO - Found code-base-name: https://github.com/kavia-common/WeatherApp-Android-147392.git:kavia-master
2025-10-07 04:24:55,699 - Knowledge - INFO - worker kw6 pull /app/data/T0015/147392/b64623x/WeatherApp-Android-147392/app/src/main/res/drawable/ic_main_background.xml from ingest queue
2025-10-07 04:24:55,699 - Knowledge - INFO - adding /app/data/T0015/147392/b64623x/WeatherApp-Android-147392/app/src/main/java/com/aniketjain/weatherapp/location/CityFinder.java to ingest queue
2025-10-07 04:24:55,865 - Knowledge - INFO - knowledge worker kw14 start
2025-10-07 04:24:55,867 - Knowledge - INFO - worker kw15 created with dedicated MongoDB connection (total: 15)
2025-10-07 04:24:56,138 - Knowledge - INFO - persist ingested knowledge for /app/data/T0015/147392/b64623x/WeatherApp-Android-147392/app/src/main/java/com/aniketjain/weatherapp/update/UpdateUI.java
2025-10-07 04:24:56,237 - Knowledge - INFO - persist ingested knowledge for /app/data/T0015/147392/b64623x/WeatherApp-Android-147392/app/src/main/java/com/aniketjain/weatherapp/SplashScreen.java
2025-10-07 04:24:56,348 - Knowledge - INFO - persist ingested knowledge for /app/data/T0015/147392/b64623x/WeatherApp-Android-147392/app/src/main/java/com/aniketjain/weatherapp/toast/Toaster.java
2025-10-07 04:24:56,706 - Knowledge - INFO - process ingested knowledge for /app/data/T0015/147392/b64623x/WeatherApp-Android-147392/app/src/main/res/drawable/ic_launcher_foreground.xml
2025-10-07 04:24:56,765 - Knowledge - INFO - Found code_base: <app.utils.kg_build.knowledge.KnowledgeCodeBase object at 0x7f3d304e7c90>
2025-10-07 04:24:56,856 - Knowledge - INFO - Found code_base: <app.utils.kg_build.knowledge.KnowledgeCodeBase object at 0x7f3d304e7c90>
2025-10-07 04:24:56,983 - Knowledge - INFO - process ingested knowledge for /app/data/T0015/147392/b64623x/WeatherApp-Android-147392/app/src/main/res/drawable/ic_main_background.xml
2025-10-07 04:24:57,056 - Knowledge - INFO - worker kw13 pull /app/data/T0015/147392/b64623x/WeatherApp-Android-147392/app/src/main/res/drawable/ic_launcher_background.xml from ingest queue
2025-10-07 04:24:57,142 - Knowledge - INFO - Found code-base-name: https://github.com/kavia-common/WeatherApp-Android-147392.git:kavia-master
2025-10-07 04:24:57,143 - Knowledge - INFO - Found code-base-name: https://github.com/kavia-common/WeatherApp-Android-147392.git:kavia-master
2025-10-07 04:24:57,143 - Knowledge - INFO - worker kw1 pull /app/data/T0015/147392/b64623x/WeatherApp-Android-147392/app/src/main/res/drawable/ic_baseline_check_24.xml from ingest queue
2025-10-07 04:24:57,143 - Knowledge - INFO - adding /app/data/T0015/147392/b64623x/WeatherApp-Android-147392/app/src/main/java/com/aniketjain/weatherapp/location/LocationCord.java to ingest queue
2025-10-07 04:24:57,235 - Knowledge - INFO - knowledge worker kw15 start
2025-10-07 04:24:57,237 - Knowledge - INFO - worker kw16 created with dedicated MongoDB connection (total: 16)
2025-10-07 04:24:57,735 - Knowledge - INFO - persist ingested knowledge for /app/data/T0015/147392/b64623x/WeatherApp-Android-147392/app/src/main/res/values/colors.xml
2025-10-07 04:24:57,846 - Knowledge - INFO - persist ingested knowledge for /app/data/T0015/147392/b64623x/WeatherApp-Android-147392/app/src/main/res/values/strings.xml
2025-10-07 04:24:58,036 - Knowledge - INFO - process ingested knowledge for /app/data/T0015/147392/b64623x/WeatherApp-Android-147392/app/src/main/res/drawable/ic_launcher_background.xml
2025-10-07 04:24:58,125 - Knowledge - INFO - Found code_base: <app.utils.kg_build.knowledge.KnowledgeCodeBase object at 0x7f3d304e7c90>
2025-10-07 04:24:58,252 - Knowledge - INFO - Found code_base: <app.utils.kg_build.knowledge.KnowledgeCodeBase object at 0x7f3d304e7c90>
2025-10-07 04:24:58,404 - Knowledge - INFO - process ingested knowledge for /app/data/T0015/147392/b64623x/WeatherApp-Android-147392/app/src/main/res/drawable/ic_baseline_check_24.xml
2025-10-07 04:24:58,543 - Knowledge - INFO - adding /app/data/T0015/147392/b64623x/WeatherApp-Android-147392/app/src/main/java/com/aniketjain/weatherapp/url/URL.java to ingest queue
2025-10-07 04:24:58,739 - Knowledge - INFO - knowledge worker kw16 start
2025-10-07 04:24:58,741 - Knowledge - INFO - worker kw17 created with dedicated MongoDB connection (total: 17)
2025-10-07 04:24:59,144 - Knowledge - INFO - persist ingested knowledge for /app/data/T0015/147392/b64623x/WeatherApp-Android-147392/app/src/main/res/values/themes.xml
2025-10-07 04:24:59,255 - Knowledge - INFO - persist ingested knowledge for /app/data/T0015/147392/b64623x/WeatherApp-Android-147392/app/src/main/res/drawable/ic_baseline_error_outline_24.xml
2025-10-07 04:24:59,437 - Knowledge - INFO - worker kw14 pull /app/data/T0015/147392/b64623x/WeatherApp-Android-147392/app/src/main/res/raw/cloud_cycle_lottie.json from ingest queue
2025-10-07 04:24:59,571 - Knowledge - INFO - Found code-base-name: https://github.com/kavia-common/WeatherApp-Android-147392.git:kavia-master
2025-10-07 04:24:59,572 - Knowledge - INFO - Found code-base-name: https://github.com/kavia-common/WeatherApp-Android-147392.git:kavia-master
2025-10-07 04:25:00,150 - Knowledge - INFO - Found code_base: <app.utils.kg_build.knowledge.KnowledgeCodeBase object at 0x7f3d304e7c90>
2025-10-07 04:24:59,572 - Knowledge - INFO - worker kw15 pull /app/data/T0015/147392/b64623x/WeatherApp-Android-147392/app/src/main/res/layout/day_item_layout.xml from ingest queue
2025-10-07 04:24:59,616 - Knowledge - INFO - Found code-base-name: https://github.com/kavia-common/WeatherApp-Android-147392.git:kavia-master
2025-10-07 04:24:59,616 - Knowledge - INFO - Found code-base-name: https://github.com/kavia-common/WeatherApp-Android-147392.git:kavia-master
2025-10-07 04:24:59,616 - Knowledge - INFO - worker kw2 pull /app/data/T0015/147392/b64623x/WeatherApp-Android-147392/app/src/main/res/layout/activity_home.xml from ingest queue
2025-10-07 04:24:59,617 - Knowledge - INFO - worker kw16 pull /app/data/T0015/147392/b64623x/WeatherApp-Android-147392/app/src/main/res/layout/main_layout.xml from ingest queue
2025-10-07 04:24:59,617 - Knowledge - INFO - adding /app/data/T0015/147392/b64623x/WeatherApp-Android-147392/app/src/main/java/com/aniketjain/weatherapp/SplashScreen.java to ingest queue
2025-10-07 04:24:59,623 - Knowledge - INFO - knowledge worker kw17 start
2025-10-07 04:24:59,624 - Knowledge - INFO - worker kw18 created with dedicated MongoDB connection (total: 18)
2025-10-07 04:24:59,985 - Knowledge - INFO - process ingested knowledge for /app/data/T0015/147392/b64623x/WeatherApp-Android-147392/app/src/main/res/raw/cloud_cycle_lottie.json
2025-10-07 04:25:00,044 - Knowledge - INFO - Found code_base: <app.utils.kg_build.knowledge.KnowledgeCodeBase object at 0x7f3d304e7c90>
2025-10-07 04:24:59,572 - Knowledge - INFO - worker kw7 pull /app/data/T0015/147392/b64623x/WeatherApp-Android-147392/app/src/main/res/values-de/strings.xml from ingest queue
2025-10-07 04:25:00,260 - Knowledge - INFO - persist ingested knowledge for /app/data/T0015/147392/b64623x/WeatherApp-Android-147392/app/src/main/res/drawable/ic_main_background.xml
2025-10-07 04:25:00,404 - Knowledge - INFO - process ingested knowledge for /app/data/T0015/147392/b64623x/WeatherApp-Android-147392/app/src/main/res/layout/day_item_layout.xml
2025-10-07 04:25:00,439 - Knowledge - INFO - Found code_base: <app.utils.kg_build.knowledge.KnowledgeCodeBase object at 0x7f3d304e7c90>
2025-10-07 04:25:00,522 - Knowledge - INFO - Found code_base: <app.utils.kg_build.knowledge.KnowledgeCodeBase object at 0x7f3d304e7c90>
2025-10-07 04:25:00,639 - Knowledge - INFO - process ingested knowledge for /app/data/T0015/147392/b64623x/WeatherApp-Android-147392/app/src/main/res/layout/activity_home.xml
2025-10-07 04:25:00,732 - Knowledge - INFO - process ingested knowledge for /app/data/T0015/147392/b64623x/WeatherApp-Android-147392/app/src/main/res/layout/main_layout.xml
2025-10-07 04:25:00,802 - Knowledge - INFO - adding /app/data/T0015/147392/b64623x/WeatherApp-Android-147392/app/src/main/java/com/aniketjain/weatherapp/toast/Toaster.java to ingest queue
2025-10-07 04:25:00,979 - Knowledge - INFO - knowledge worker kw18 start
2025-10-07 04:25:00,980 - Knowledge - INFO - worker kw19 created with dedicated MongoDB connection (total: 19)
2025-10-07 04:25:01,178 - Knowledge - INFO - persist ingested knowledge for /app/data/T0015/147392/b64623x/WeatherApp-Android-147392/app/src/main/res/drawable/ic_launcher_foreground.xml
2025-10-07 04:25:01,295 - Knowledge - INFO - process ingested knowledge for /app/data/T0015/147392/b64623x/WeatherApp-Android-147392/app/src/main/res/values-de/strings.xml
2025-10-07 04:25:01,557 - Knowledge - INFO - persist ingested knowledge for /app/data/T0015/147392/b64623x/WeatherApp-Android-147392/app/src/main/res/drawable/ic_launcher_background.xml
2025-10-07 04:25:01,641 - Knowledge - INFO - persist ingested knowledge for /app/data/T0015/147392/b64623x/WeatherApp-Android-147392/app/src/main/res/drawable/ic_baseline_check_24.xml
2025-10-07 04:25:01,974 - Knowledge - INFO - adding /app/data/T0015/147392/b64623x/WeatherApp-Android-147392/app/src/main/res/values/strings.xml to ingest queue
2025-10-07 04:25:02,117 - Knowledge - INFO - knowledge worker kw19 start
2025-10-07 04:25:02,119 - Knowledge - INFO - worker kw20 created with dedicated MongoDB connection (total: 20)
2025-10-07 04:25:02,647 - Knowledge - INFO - adding /app/data/T0015/147392/b64623x/WeatherApp-Android-147392/app/src/main/java/com/aniketjain/weatherapp/update/UpdateUI.java to ingest queue
2025-10-07 04:25:02,841 - Knowledge - INFO - knowledge worker kw20 start
2025-10-07 04:25:02,843 - Knowledge - WARNING - High connection count: 21 connections active
2025-10-07 04:25:03,017 - Knowledge - INFO - worker kw3 pull /app/data/T0015/147392/b64623x/WeatherApp-Android-147392/app/src/main/res/layout/activity_splash_screen.xml from ingest queue
2025-10-07 04:25:03,017 - Knowledge - INFO - Found code-base-name: https://github.com/kavia-common/WeatherApp-Android-147392.git:kavia-master
2025-10-07 04:25:03,067 - Knowledge - INFO - Found code-base-name: https://github.com/kavia-common/WeatherApp-Android-147392.git:kavia-master
2025-10-07 04:25:03,067 - Knowledge - INFO - Found code-base-name: https://github.com/kavia-common/WeatherApp-Android-147392.git:kavia-master
2025-10-07 04:25:03,067 - Knowledge - INFO - Found code-base-name: https://github.com/kavia-common/WeatherApp-Android-147392.git:kavia-master
2025-10-07 04:25:03,068 - Knowledge - INFO - worker kw9 pull /app/data/T0015/147392/b64623x/WeatherApp-Android-147392/app/src/main/res/mipmap-anydpi-v26/ic_launcher.xml from ingest queue
2025-10-07 04:25:03,068 - Knowledge - INFO - adding /app/data/T0015/147392/b64623x/WeatherApp-Android-147392/app/src/main/res/values/colors.xml to ingest queue
2025-10-07 04:25:03,154 - Knowledge - INFO - worker kw21 created with dedicated MongoDB connection (total: 21)
2025-10-07 04:25:03,271 - Knowledge - INFO - process ingested knowledge for /app/data/T0015/147392/b64623x/WeatherApp-Android-147392/app/src/main/res/layout/activity_splash_screen.xml
2025-10-07 04:25:03,357 - Knowledge - INFO - Found code_base: <app.utils.kg_build.knowledge.KnowledgeCodeBase object at 0x7f3d304e7c90>
2025-10-07 04:25:03,455 - Knowledge - INFO - Found code_base: <app.utils.kg_build.knowledge.KnowledgeCodeBase object at 0x7f3d304e7c90>
2025-10-07 04:25:03,545 - Knowledge - INFO - Found code_base: <app.utils.kg_build.knowledge.KnowledgeCodeBase object at 0x7f3d304e7c90>
2025-10-07 04:25:03,635 - Knowledge - INFO - Found code_base: <app.utils.kg_build.knowledge.KnowledgeCodeBase object at 0x7f3d304e7c90>
2025-10-07 04:25:03,767 - Knowledge - INFO - process ingested knowledge for /app/data/T0015/147392/b64623x/WeatherApp-Android-147392/app/src/main/res/mipmap-anydpi-v26/ic_launcher.xml
2025-10-07 04:25:03,879 - Knowledge - INFO - Found code-base-name: https://github.com/kavia-common/WeatherApp-Android-147392.git:kavia-master
2025-10-07 04:25:03,930 - Knowledge - INFO - knowledge worker kw21 start
2025-10-07 04:25:03,931 - Knowledge - WARNING - High connection count: 22 connections active
2025-10-07 04:25:03,964 - Knowledge - INFO - worker kw4 pull /app/data/T0015/147392/b64623x/WeatherApp-Android-147392/app/src/main/res/mipmap-anydpi-v26/ic_main_round.xml from ingest queue
2025-10-07 04:25:03,964 - Knowledge - INFO - worker kw19 pull /app/data/T0015/147392/b64623x/WeatherApp-Android-147392/app/src/main/res/mipmap-anydpi-v26/ic_launcher_round.xml from ingest queue
2025-10-07 04:25:03,964 - Knowledge - INFO - adding /app/data/T0015/147392/b64623x/WeatherApp-Android-147392/app/src/main/res/values/themes.xml to ingest queue
2025-10-07 04:25:04,129 - Knowledge - INFO - persist ingested knowledge for /app/data/T0015/147392/b64623x/WeatherApp-Android-147392/app/src/main/res/raw/cloud_cycle_lottie.json
2025-10-07 04:25:04,214 - Knowledge - INFO - persist ingested knowledge for /app/data/T0015/147392/b64623x/WeatherApp-Android-147392/app/src/main/res/layout/day_item_layout.xml
2025-10-07 04:25:04,293 - Knowledge - INFO - persist ingested knowledge for /app/data/T0015/147392/b64623x/WeatherApp-Android-147392/app/src/main/res/layout/activity_home.xml
2025-10-07 04:25:04,392 - Knowledge - INFO - persist ingested knowledge for /app/data/T0015/147392/b64623x/WeatherApp-Android-147392/app/src/main/res/layout/main_layout.xml
2025-10-07 04:25:04,624 - Knowledge - INFO - Found code_base: <app.utils.kg_build.knowledge.KnowledgeCodeBase object at 0x7f3d304e7c90>
2025-10-07 04:25:04,797 - Knowledge - INFO - worker kw22 created with dedicated MongoDB connection (total: 22)
2025-10-07 04:25:04,920 - Knowledge - INFO - process ingested knowledge for /app/data/T0015/147392/b64623x/WeatherApp-Android-147392/app/src/main/res/mipmap-anydpi-v26/ic_main_round.xml
2025-10-07 04:25:05,035 - Knowledge - INFO - process ingested knowledge for /app/data/T0015/147392/b64623x/WeatherApp-Android-147392/app/src/main/res/mipmap-anydpi-v26/ic_launcher_round.xml
2025-10-07 04:25:05,101 - Knowledge - INFO - worker kw17 pull /app/data/T0015/147392/b64623x/WeatherApp-Android-147392/app/src/main/res/mipmap-anydpi-v26/ic_main.xml from ingest queue
2025-10-07 04:25:05,103 - Knowledge - INFO - adding /app/data/T0015/147392/b64623x/WeatherApp-Android-147392/app/src/main/res/drawable/ic_baseline_error_outline_24.xml to ingest queue
2025-10-07 04:25:05,661 - Knowledge - INFO - persist ingested knowledge for /app/data/T0015/147392/b64623x/WeatherApp-Android-147392/app/src/main/res/values-de/strings.xml
2025-10-07 04:25:05,743 - Knowledge - INFO - knowledge worker kw22 start
2025-10-07 04:25:05,744 - Knowledge - WARNING - High connection count: 23 connections active
2025-10-07 04:25:06,070 - Knowledge - INFO - process ingested knowledge for /app/data/T0015/147392/b64623x/WeatherApp-Android-147392/app/src/main/res/mipmap-anydpi-v26/ic_main.xml
2025-10-07 04:25:06,170 - Knowledge - INFO - worker kw20 pull /app/data/T0015/147392/b64623x/WeatherApp-Android-147392/app/src/main/res/values-fr/strings.xml from ingest queue
2025-10-07 04:25:06,170 - Knowledge - INFO - adding /app/data/T0015/147392/b64623x/WeatherApp-Android-147392/app/src/main/res/drawable/ic_main_background.xml to ingest queue
2025-10-07 04:25:06,429 - Knowledge - INFO - worker kw23 created with dedicated MongoDB connection (total: 23)
2025-10-07 04:25:06,666 - Knowledge - INFO - process ingested knowledge for /app/data/T0015/147392/b64623x/WeatherApp-Android-147392/app/src/main/res/values-fr/strings.xml
2025-10-07 04:25:06,752 - Knowledge - INFO - worker kw18 pull /app/data/T0015/147392/b64623x/WeatherApp-Android-147392/app/src/main/res/values-es/strings.xml from ingest queue
2025-10-07 04:25:06,753 - Knowledge - INFO - worker kw10 pull /app/data/T0015/147392/b64623x/WeatherApp-Android-147392/app/src/main/res/values-night/strings.xml from ingest queue
2025-10-07 04:25:06,754 - Knowledge - INFO - adding /app/data/T0015/147392/b64623x/WeatherApp-Android-147392/app/src/main/res/drawable/ic_launcher_foreground.xml to ingest queue
2025-10-07 04:25:06,876 - Knowledge - INFO - knowledge worker kw23 start
2025-10-07 04:25:06,878 - Knowledge - WARNING - High connection count: 24 connections active
2025-10-07 04:25:07,119 - Knowledge - INFO - process ingested knowledge for /app/data/T0015/147392/b64623x/WeatherApp-Android-147392/app/src/main/res/values-es/strings.xml
2025-10-07 04:25:07,237 - Knowledge - INFO - process ingested knowledge for /app/data/T0015/147392/b64623x/WeatherApp-Android-147392/app/src/main/res/values-night/strings.xml
2025-10-07 04:25:07,298 - Knowledge - INFO - worker kw8 pull /app/data/T0015/147392/b64623x/WeatherApp-Android-147392/app/src/main/res/values-night/themes.xml from ingest queue
2025-10-07 04:25:07,298 - Knowledge - INFO - adding /app/data/T0015/147392/b64623x/WeatherApp-Android-147392/app/src/main/res/drawable/ic_baseline_check_24.xml to ingest queue
2025-10-07 04:25:07,502 - Knowledge - INFO - worker kw24 created with dedicated MongoDB connection (total: 24)
2025-10-07 04:25:07,853 - Knowledge - INFO - process ingested knowledge for /app/data/T0015/147392/b64623x/WeatherApp-Android-147392/app/src/main/res/values-night/themes.xml
2025-10-07 04:25:07,926 - Knowledge - INFO - Found code-base-name: https://github.com/kavia-common/WeatherApp-Android-147392.git:kavia-master
2025-10-07 04:25:07,927 - Knowledge - INFO - worker kw21 pull /app/data/T0015/147392/b64623x/WeatherApp-Android-147392/app/src/main/AndroidManifest.xml from ingest queue
2025-10-07 04:25:07,928 - Knowledge - INFO - worker kw11 pull /app/data/T0015/147392/b64623x/WeatherApp-Android-147392/app/build.gradle from ingest queue
2025-10-07 04:25:08,012 - Knowledge - INFO - knowledge worker kw24 start
2025-10-07 04:25:08,014 - Knowledge - WARNING - High connection count: 25 connections active
2025-10-07 04:25:08,061 - Knowledge - INFO - Found code-base-name: https://github.com/kavia-common/WeatherApp-Android-147392.git:kavia-master
2025-10-07 04:25:08,061 - Knowledge - INFO - Found code-base-name: https://github.com/kavia-common/WeatherApp-Android-147392.git:kavia-master
2025-10-07 04:25:08,062 - Knowledge - INFO - worker kw5 pull /app/data/T0015/147392/b64623x/WeatherApp-Android-147392/app/proguard-rules.pro from ingest queue
2025-10-07 04:25:08,103 - Knowledge - INFO - Found code-base-name: https://github.com/kavia-common/WeatherApp-Android-147392.git:kavia-master
2025-10-07 04:25:08,103 - Knowledge - INFO - worker kw6 pull /app/data/T0015/147392/b64623x/WeatherApp-Android-147392/CODE_OF_CONDUCT.md from ingest queue
2025-10-07 04:25:08,103 - Knowledge - INFO - adding /app/data/T0015/147392/b64623x/WeatherApp-Android-147392/app/src/main/res/drawable/ic_launcher_background.xml to ingest queue
2025-10-07 04:25:08,220 - Knowledge - INFO - Found code_base: <app.utils.kg_build.knowledge.KnowledgeCodeBase object at 0x7f3d304e7c90>
2025-10-07 04:25:08,325 - Knowledge - INFO - process ingested knowledge for /app/data/T0015/147392/b64623x/WeatherApp-Android-147392/app/src/main/AndroidManifest.xml
2025-10-07 04:25:08,412 - Knowledge - INFO - process ingested knowledge for /app/data/T0015/147392/b64623x/WeatherApp-Android-147392/app/build.gradle
2025-10-07 04:25:08,564 - Knowledge - INFO - worker kw25 created with dedicated MongoDB connection (total: 25)
2025-10-07 04:25:08,656 - Knowledge - INFO - Found code_base: <app.utils.kg_build.knowledge.KnowledgeCodeBase object at 0x7f3d304e7c90>
2025-10-07 04:25:08,755 - Knowledge - INFO - Found code_base: <app.utils.kg_build.knowledge.KnowledgeCodeBase object at 0x7f3d304e7c90>
2025-10-07 04:25:08,878 - Knowledge - INFO - process ingested knowledge for /app/data/T0015/147392/b64623x/WeatherApp-Android-147392/app/proguard-rules.pro
2025-10-07 04:25:08,958 - Knowledge - INFO - Found code_base: <app.utils.kg_build.knowledge.KnowledgeCodeBase object at 0x7f3d304e7c90>
2025-10-07 04:25:09,094 - Knowledge - INFO - process ingested knowledge for /app/data/T0015/147392/b64623x/WeatherApp-Android-147392/CODE_OF_CONDUCT.md
2025-10-07 04:25:09,158 - Knowledge - INFO - Found code-base-name: https://github.com/kavia-common/WeatherApp-Android-147392.git:kavia-master
2025-10-07 04:25:09,158 - Knowledge - INFO - worker kw12 pull /app/data/T0015/147392/b64623x/WeatherApp-Android-147392/build.gradle from ingest queue
2025-10-07 04:25:09,159 - Knowledge - INFO - worker kw23 pull /app/data/T0015/147392/b64623x/WeatherApp-Android-147392/README.md from ingest queue
2025-10-07 04:25:09,159 - Knowledge - INFO - Found code-base-name: https://github.com/kavia-common/WeatherApp-Android-147392.git:kavia-master
2025-10-07 04:25:09,159 - Knowledge - INFO - worker kw1 pull /app/data/T0015/147392/b64623x/WeatherApp-Android-147392/index.html from ingest queue
2025-10-07 04:25:09,204 - Knowledge - INFO - adding /app/data/T0015/147392/b64623x/WeatherApp-Android-147392/app/src/main/res/layout/activity_home.xml to ingest queue
2025-10-07 04:25:09,248 - Knowledge - INFO - persist ingested knowledge for /app/data/T0015/147392/b64623x/WeatherApp-Android-147392/app/src/main/res/mipmap-anydpi-v26/ic_launcher.xml
2025-10-07 04:25:09,568 - Knowledge - INFO - knowledge worker kw25 start
2025-10-07 04:25:09,570 - Knowledge - WARNING - High connection count: 26 connections active
2025-10-07 04:25:10,951 - Knowledge - INFO - worker kw26 created with dedicated MongoDB connection (total: 26)
2025-10-07 04:25:09,757 - Knowledge - INFO - persist ingested knowledge for /app/data/T0015/147392/b64623x/WeatherApp-Android-147392/app/src/main/res/mipmap-anydpi-v26/ic_launcher_round.xml
2025-10-07 04:25:09,951 - Knowledge - INFO - persist ingested knowledge for /app/data/T0015/147392/b64623x/WeatherApp-Android-147392/app/src/main/res/mipmap-anydpi-v26/ic_main.xml
2025-10-07 04:25:10,151 - Knowledge - INFO - Found code_base: <app.utils.kg_build.knowledge.KnowledgeCodeBase object at 0x7f3d304e7c90>
2025-10-07 04:25:10,278 - Knowledge - INFO - process ingested knowledge for /app/data/T0015/147392/b64623x/WeatherApp-Android-147392/build.gradle
2025-10-07 04:25:10,396 - Knowledge - INFO - process ingested knowledge for /app/data/T0015/147392/b64623x/WeatherApp-Android-147392/README.md
2025-10-07 04:25:10,457 - Knowledge - INFO - Found code_base: <app.utils.kg_build.knowledge.KnowledgeCodeBase object at 0x7f3d304e7c90>
2025-10-07 04:25:10,564 - Knowledge - INFO - process ingested knowledge for /app/data/T0015/147392/b64623x/WeatherApp-Android-147392/index.html
2025-10-07 04:25:10,640 - Knowledge - INFO - adding /app/data/T0015/147392/b64623x/WeatherApp-Android-147392/app/src/main/res/layout/main_layout.xml to ingest queue
2025-10-07 04:25:09,669 - Knowledge - INFO - persist ingested knowledge for /app/data/T0015/147392/b64623x/WeatherApp-Android-147392/app/src/main/res/mipmap-anydpi-v26/ic_main_round.xml
2025-10-07 04:25:11,044 - Knowledge - INFO - knowledge worker kw26 start
2025-10-07 04:25:11,045 - Knowledge - WARNING - High connection count: 27 connections active
2025-10-07 04:25:11,339 - Knowledge - INFO - persist ingested knowledge for /app/data/T0015/147392/b64623x/WeatherApp-Android-147392/app/src/main/res/layout/activity_splash_screen.xml
2025-10-07 04:25:11,633 - Knowledge - INFO - persist ingested knowledge for /app/data/T0015/147392/b64623x/WeatherApp-Android-147392/app/src/main/res/values-night/strings.xml
2025-10-07 04:25:11,882 - Knowledge - INFO - worker kw22 pull /app/data/T0015/147392/b64623x/WeatherApp-Android-147392/SECURITY.md from ingest queue
2025-10-07 04:25:11,883 - Knowledge - INFO - Found code-base-name: https://github.com/kavia-common/WeatherApp-Android-147392.git:kavia-master
2025-10-07 04:25:11,884 - Knowledge - INFO - adding /app/data/T0015/147392/b64623x/WeatherApp-Android-147392/app/src/main/res/values-de/strings.xml to ingest queue
2025-10-07 04:25:12,141 - Knowledge - INFO - worker kw27 created with dedicated MongoDB connection (total: 27)
2025-10-07 04:25:12,470 - Knowledge - INFO - process ingested knowledge for /app/data/T0015/147392/b64623x/WeatherApp-Android-147392/SECURITY.md
2025-10-07 04:25:12,544 - Knowledge - INFO - Found code_base: <app.utils.kg_build.knowledge.KnowledgeCodeBase object at 0x7f3d304e7c90>
2025-10-07 04:25:12,656 - Knowledge - INFO - Found code-base-name: https://github.com/kavia-common/WeatherApp-Android-147392.git:kavia-master
2025-10-07 04:25:12,657 - Knowledge - INFO - worker kw24 pull /app/data/T0015/147392/b64623x/WeatherApp-Android-147392/CONTRIBUTING.md from ingest queue
2025-10-07 04:25:12,658 - Knowledge - INFO - Found code-base-name: https://github.com/kavia-common/WeatherApp-Android-147392.git:kavia-master
2025-10-07 04:25:12,658 - Knowledge - INFO - worker kw13 pull /app/data/T0015/147392/b64623x/WeatherApp-Android-147392/settings.gradle from ingest queue
2025-10-07 04:25:12,658 - Knowledge - INFO - adding /app/data/T0015/147392/b64623x/WeatherApp-Android-147392/app/src/main/res/layout/day_item_layout.xml to ingest queue
2025-10-07 04:25:12,765 - Knowledge - INFO - knowledge worker kw27 start
2025-10-07 04:25:12,767 - Knowledge - WARNING - High connection count: 28 connections active
2025-10-07 04:25:12,990 - Knowledge - INFO - persist ingested knowledge for /app/data/T0015/147392/b64623x/WeatherApp-Android-147392/app/src/main/res/values-night/themes.xml
2025-10-07 04:25:13,082 - Knowledge - INFO - Found code_base: <app.utils.kg_build.knowledge.KnowledgeCodeBase object at 0x7f3d304e7c90>
2025-10-07 04:25:13,228 - Knowledge - INFO - process ingested knowledge for /app/data/T0015/147392/b64623x/WeatherApp-Android-147392/CONTRIBUTING.md
2025-10-07 04:25:13,340 - Knowledge - INFO - Found code_base: <app.utils.kg_build.knowledge.KnowledgeCodeBase object at 0x7f3d304e7c90>
2025-10-07 04:25:13,425 - Knowledge - INFO - Thread kw13 - File settings.gradle - Remaining files in queue: 22
2025-10-07 04:25:13,524 - Knowledge - INFO - Found code-base-name: https://github.com/kavia-common/WeatherApp-Android-147392.git:kavia-master
2025-10-07 04:25:13,524 - Knowledge - INFO - Found code-base-name: https://github.com/kavia-common/WeatherApp-Android-147392.git:kavia-master
2025-10-07 04:25:13,525 - Knowledge - INFO - Found code-base-name: https://github.com/kavia-common/WeatherApp-Android-147392.git:kavia-master
2025-10-07 04:25:13,525 - Knowledge - INFO - Found code-base-name: https://github.com/kavia-common/WeatherApp-Android-147392.git:kavia-master
2025-10-07 04:25:13,526 - Knowledge - INFO - worker kw2 pull /app/data/T0015/147392/b64623x/WeatherApp-Android-147392/app/src/test/java/com/aniketjain/weatherapp/ExampleUnitTest.java from ingest queue
2025-10-07 04:25:13,659 - Knowledge - INFO - Found code-base-name: https://github.com/kavia-common/WeatherApp-Android-147392.git:kavia-master
2025-10-07 04:25:13,659 - Knowledge - INFO - Found code-base-name: https://github.com/kavia-common/WeatherApp-Android-147392.git:kavia-master
2025-10-07 04:25:13,659 - Knowledge - INFO - Found code-base-name: https://github.com/kavia-common/WeatherApp-Android-147392.git:kavia-master
2025-10-07 04:25:13,660 - Knowledge - INFO - worker kw16 pull /app/data/T0015/147392/b64623x/WeatherApp-Android-147392/app/src/androidTest/java/com/aniketjain/weatherapp/ExampleInstrumentedTest.java from ingest queue
2025-10-07 04:25:13,705 - Knowledge - INFO - worker kw28 created with dedicated MongoDB connection (total: 28)
2025-10-07 04:25:13,795 - Knowledge - INFO - worker kw7 pull /app/data/T0015/147392/b64623x/WeatherApp-Android-147392/app/src/main/java/com/aniketjain/weatherapp/network/InternetConnectivity.java from ingest queue
2025-10-07 04:25:13,795 - Knowledge - INFO - adding /app/data/T0015/147392/b64623x/WeatherApp-Android-147392/app/src/main/res/raw/cloud_cycle_lottie.json to ingest queue
2025-10-07 04:25:13,909 - Knowledge - INFO - persist ingested knowledge for /app/data/T0015/147392/b64623x/WeatherApp-Android-147392/app/src/main/res/values-fr/strings.xml
2025-10-07 04:25:14,145 - Knowledge - INFO - persist ingested knowledge for /app/data/T0015/147392/b64623x/WeatherApp-Android-147392/app/src/main/res/values-es/strings.xml
2025-10-07 04:25:14,234 - Knowledge - INFO - start ingest for /app/data/T0015/147392/b64623x/WeatherApp-Android-147392/settings.gradle
2025-10-07 04:25:14,326 - Knowledge - INFO - Found code_base: <app.utils.kg_build.knowledge.KnowledgeCodeBase object at 0x7f3d304e7c90>
2025-10-07 04:25:14,431 - Knowledge - INFO - Found code_base: <app.utils.kg_build.knowledge.KnowledgeCodeBase object at 0x7f3d304e7c90>
2025-10-07 04:25:14,509 - Knowledge - INFO - Found code_base: <app.utils.kg_build.knowledge.KnowledgeCodeBase object at 0x7f3d304e7c90>
2025-10-07 04:25:14,634 - Knowledge - INFO - Found code_base: <app.utils.kg_build.knowledge.KnowledgeCodeBase object at 0x7f3d304e7c90>
2025-10-07 04:25:14,759 - Knowledge - INFO - Thread kw2 - File ExampleUnitTest.java - Remaining files in queue: 20
2025-10-07 04:25:14,848 - Knowledge - INFO - Found code_base: <app.utils.kg_build.knowledge.KnowledgeCodeBase object at 0x7f3d304e7c90>
2025-10-07 04:25:14,972 - Knowledge - INFO - Found code_base: <app.utils.kg_build.knowledge.KnowledgeCodeBase object at 0x7f3d304e7c90>
2025-10-07 04:25:15,093 - Knowledge - INFO - Found code_base: <app.utils.kg_build.knowledge.KnowledgeCodeBase object at 0x7f3d304e7c90>
2025-10-07 04:25:15,225 - Knowledge - INFO - Thread kw16 - File ExampleInstrumentedTest.java - Remaining files in queue: 20
2025-10-07 04:25:15,328 - Knowledge - INFO - knowledge worker kw28 start
2025-10-07 04:25:15,330 - Knowledge - WARNING - High connection count: 29 connections active
2025-10-07 04:25:15,419 - Knowledge - INFO - Thread kw7 - File InternetConnectivity.java - Remaining files in queue: 20
2025-10-07 04:25:15,515 - Knowledge - INFO - worker kw15 pull /app/data/T0015/147392/b64623x/WeatherApp-Android-147392/app/src/main/java/com/aniketjain/weatherapp/HomeActivity.java from ingest queue
2025-10-07 04:25:15,516 - Knowledge - INFO - worker kw25 pull /app/data/T0015/147392/b64623x/WeatherApp-Android-147392/app/src/main/java/com/aniketjain/weatherapp/adapter/DaysAdapter.java from ingest queue
2025-10-07 04:25:15,516 - Knowledge - INFO - worker kw27 pull /app/data/T0015/147392/b64623x/WeatherApp-Android-147392/app/src/main/java/com/aniketjain/weatherapp/location/CityFinder.java from ingest queue
2025-10-07 04:25:15,516 - Knowledge - INFO - adding /app/data/T0015/147392/b64623x/WeatherApp-Android-147392/app/src/main/res/mipmap-anydpi-v26/ic_launcher_round.xml to ingest queue
2025-10-07 04:25:15,826 - Knowledge - INFO - Fast-track processing for simple file: /app/data/T0015/147392/b64623x/WeatherApp-Android-147392/settings.gradle
2025-10-07 04:25:15,932 - Knowledge - INFO - persist ingested knowledge for /app/data/T0015/147392/b64623x/WeatherApp-Android-147392/app/src/main/AndroidManifest.xml
2025-10-07 04:25:16,017 - Knowledge - INFO - persist ingested knowledge for /app/data/T0015/147392/b64623x/WeatherApp-Android-147392/app/build.gradle
2025-10-07 04:25:16,147 - Knowledge - INFO - persist ingested knowledge for /app/data/T0015/147392/b64623x/WeatherApp-Android-147392/app/proguard-rules.pro
2025-10-07 04:25:16,234 - Knowledge - INFO - persist ingested knowledge for /app/data/T0015/147392/b64623x/WeatherApp-Android-147392/CODE_OF_CONDUCT.md
2025-10-07 04:25:16,344 - Knowledge - INFO - start ingest for /app/data/T0015/147392/b64623x/WeatherApp-Android-147392/app/src/test/java/com/aniketjain/weatherapp/ExampleUnitTest.java
2025-10-07 04:25:16,427 - Knowledge - INFO - persist ingested knowledge for /app/data/T0015/147392/b64623x/WeatherApp-Android-147392/build.gradle
2025-10-07 04:25:16,559 - Knowledge - INFO - persist ingested knowledge for /app/data/T0015/147392/b64623x/WeatherApp-Android-147392/README.md
2025-10-07 04:25:16,654 - Knowledge - INFO - persist ingested knowledge for /app/data/T0015/147392/b64623x/WeatherApp-Android-147392/index.html
2025-10-07 04:25:16,746 - Knowledge - INFO - start ingest for /app/data/T0015/147392/b64623x/WeatherApp-Android-147392/app/src/androidTest/java/com/aniketjain/weatherapp/ExampleInstrumentedTest.java
2025-10-07 04:25:16,983 - Knowledge - INFO - worker kw29 created with dedicated MongoDB connection (total: 29)
2025-10-07 04:25:17,099 - Knowledge - INFO - start ingest for /app/data/T0015/147392/b64623x/WeatherApp-Android-147392/app/src/main/java/com/aniketjain/weatherapp/network/InternetConnectivity.java
2025-10-07 04:25:17,192 - Knowledge - INFO - Thread kw15 - File HomeActivity.java - Remaining files in queue: 18
2025-10-07 04:25:17,275 - Knowledge - INFO - Thread kw25 - File DaysAdapter.java - Remaining files in queue: 18
2025-10-07 04:25:17,367 - Knowledge - INFO - Thread kw27 - File CityFinder.java - Remaining files in queue: 18
2025-10-07 04:25:17,453 - Knowledge - INFO - adding /app/data/T0015/147392/b64623x/WeatherApp-Android-147392/app/src/main/res/mipmap-anydpi-v26/ic_main.xml to ingest queue
2025-10-07 04:25:17,550 - Knowledge - INFO - done fast ingest for /app/data/T0015/147392/b64623x/WeatherApp-Android-147392/settings.gradle
2025-10-07 04:25:18,040 - Knowledge - INFO - Fast-track processing for simple file: /app/data/T0015/147392/b64623x/WeatherApp-Android-147392/app/src/test/java/com/aniketjain/weatherapp/ExampleUnitTest.java
2025-10-07 04:25:18,538 - Knowledge - INFO - knowledge worker kw29 start
2025-10-07 04:25:18,540 - Knowledge - WARNING - High connection count: 30 connections active
2025-10-07 04:25:18,704 - Knowledge - INFO - start ingest for /app/data/T0015/147392/b64623x/WeatherApp-Android-147392/app/src/main/java/com/aniketjain/weatherapp/HomeActivity.java
2025-10-07 04:25:18,814 - Knowledge - INFO - start ingest for /app/data/T0015/147392/b64623x/WeatherApp-Android-147392/app/src/main/java/com/aniketjain/weatherapp/adapter/DaysAdapter.java
2025-10-07 04:25:18,917 - Knowledge - INFO - start ingest for /app/data/T0015/147392/b64623x/WeatherApp-Android-147392/app/src/main/java/com/aniketjain/weatherapp/location/CityFinder.java
2025-10-07 04:25:19,006 - Knowledge - INFO - worker kw26 pull /app/data/T0015/147392/b64623x/WeatherApp-Android-147392/app/src/main/java/com/aniketjain/weatherapp/location/LocationCord.java from ingest queue
2025-10-07 04:25:19,007 - Knowledge - INFO - adding /app/data/T0015/147392/b64623x/WeatherApp-Android-147392/app/src/main/res/mipmap-anydpi-v26/ic_main_round.xml to ingest queue
2025-10-07 04:25:19,130 - Knowledge - INFO - process ingested knowledge for /app/data/T0015/147392/b64623x/WeatherApp-Android-147392/settings.gradle
2025-10-07 04:25:19,239 - Knowledge - INFO - done fast ingest for /app/data/T0015/147392/b64623x/WeatherApp-Android-147392/app/src/test/java/com/aniketjain/weatherapp/ExampleUnitTest.java
2025-10-07 04:25:19,482 - Knowledge - INFO - worker kw30 created with dedicated MongoDB connection (total: 30)
2025-10-07 04:25:19,904 - Knowledge - INFO - Thread kw26 - File LocationCord.java - Remaining files in queue: 19
2025-10-07 04:25:20,025 - Knowledge - INFO - adding /app/data/T0015/147392/b64623x/WeatherApp-Android-147392/app/src/main/res/layout/activity_splash_screen.xml to ingest queue
2025-10-07 04:25:20,221 - Knowledge - INFO - process ingested knowledge for /app/data/T0015/147392/b64623x/WeatherApp-Android-147392/app/src/test/java/com/aniketjain/weatherapp/ExampleUnitTest.java
2025-10-07 04:25:20,309 - Knowledge - INFO - knowledge worker kw30 start
2025-10-07 04:25:20,438 - Knowledge - INFO - start ingest for /app/data/T0015/147392/b64623x/WeatherApp-Android-147392/app/src/main/java/com/aniketjain/weatherapp/location/LocationCord.java
2025-10-07 04:25:20,527 - Knowledge - INFO - adding /app/data/T0015/147392/b64623x/WeatherApp-Android-147392/app/src/main/res/values-night/strings.xml to ingest queue
2025-10-07 04:25:20,852 - Knowledge - INFO - Fast-track processing for simple file: /app/data/T0015/147392/b64623x/WeatherApp-Android-147392/app/src/main/java/com/aniketjain/weatherapp/location/LocationCord.java
2025-10-07 04:25:20,939 - Knowledge - INFO - Found code-base-name: https://github.com/kavia-common/WeatherApp-Android-147392.git:kavia-master
2025-10-07 04:25:20,995 - Knowledge - INFO - Found code-base-name: https://github.com/kavia-common/WeatherApp-Android-147392.git:kavia-master
2025-10-07 04:25:20,995 - Knowledge - INFO - adding /app/data/T0015/147392/b64623x/WeatherApp-Android-147392/app/src/main/res/mipmap-anydpi-v26/ic_launcher.xml to ingest queue
2025-10-07 04:25:21,032 - Knowledge - INFO - done fast ingest for /app/data/T0015/147392/b64623x/WeatherApp-Android-147392/app/src/main/java/com/aniketjain/weatherapp/location/LocationCord.java
2025-10-07 04:25:21,141 - Knowledge - INFO - Found code_base: <app.utils.kg_build.knowledge.KnowledgeCodeBase object at 0x7f3d304e7c90>
2025-10-07 04:25:21,263 - Knowledge - INFO - Found code_base: <app.utils.kg_build.knowledge.KnowledgeCodeBase object at 0x7f3d304e7c90>
2025-10-07 04:25:21,362 - Knowledge - INFO - worker kw14 pull /app/data/T0015/147392/b64623x/WeatherApp-Android-147392/app/src/main/java/com/aniketjain/weatherapp/url/URL.java from ingest queue
2025-10-07 04:25:21,428 - Knowledge - INFO - worker kw28 pull /app/data/T0015/147392/b64623x/WeatherApp-Android-147392/app/src/main/java/com/aniketjain/weatherapp/SplashScreen.java from ingest queue
2025-10-07 04:25:21,428 - Knowledge - INFO - worker kw19 pull /app/data/T0015/147392/b64623x/WeatherApp-Android-147392/app/src/main/java/com/aniketjain/weatherapp/toast/Toaster.java from ingest queue
2025-10-07 04:25:21,462 - Knowledge - INFO - process ingested knowledge for /app/data/T0015/147392/b64623x/WeatherApp-Android-147392/app/src/main/java/com/aniketjain/weatherapp/location/LocationCord.java
2025-10-07 04:25:21,566 - Knowledge - INFO - persist ingested knowledge for /app/data/T0015/147392/b64623x/WeatherApp-Android-147392/SECURITY.md
2025-10-07 04:25:21,668 - Knowledge - INFO - persist ingested knowledge for /app/data/T0015/147392/b64623x/WeatherApp-Android-147392/CONTRIBUTING.md
2025-10-07 04:25:21,762 - Knowledge - INFO - Thread kw14 - File URL.java - Remaining files in queue: 20
2025-10-07 04:25:21,887 - Knowledge - INFO - Thread kw28 - File SplashScreen.java - Remaining files in queue: 20
2025-10-07 04:25:22,025 - Knowledge - INFO - Thread kw19 - File Toaster.java - Remaining files in queue: 20
2025-10-07 04:25:22,302 - Knowledge - INFO - worker kw17 pull /app/data/T0015/147392/b64623x/WeatherApp-Android-147392/app/src/main/res/values/strings.xml from ingest queue
2025-10-07 04:25:22,316 - Knowledge - INFO - worker kw29 pull /app/data/T0015/147392/b64623x/WeatherApp-Android-147392/app/src/main/java/com/aniketjain/weatherapp/update/UpdateUI.java from ingest queue
2025-10-07 04:25:22,327 - Knowledge - INFO - Found code-base-name: https://github.com/kavia-common/WeatherApp-Android-147392.git:kavia-master
2025-10-07 04:25:22,328 - Knowledge - INFO - worker kw3 pull /app/data/T0015/147392/b64623x/WeatherApp-Android-147392/app/src/main/res/values/colors.xml from ingest queue
2025-10-07 04:25:22,333 - Knowledge - INFO - worker kw30 pull /app/data/T0015/147392/b64623x/WeatherApp-Android-147392/app/src/main/res/values/themes.xml from ingest queue
2025-10-07 04:25:22,335 - Knowledge - INFO - worker kw10 pull /app/data/T0015/147392/b64623x/WeatherApp-Android-147392/app/src/main/res/drawable/ic_baseline_error_outline_24.xml from ingest queue
2025-10-07 04:25:22,335 - Knowledge - INFO - adding /app/data/T0015/147392/b64623x/WeatherApp-Android-147392/app/src/main/res/values-night/themes.xml to ingest queue
2025-10-07 04:25:22,500 - Knowledge - INFO - start ingest for /app/data/T0015/147392/b64623x/WeatherApp-Android-147392/app/src/main/java/com/aniketjain/weatherapp/url/URL.java
2025-10-07 04:25:22,587 - Knowledge - INFO - start ingest for /app/data/T0015/147392/b64623x/WeatherApp-Android-147392/app/src/main/java/com/aniketjain/weatherapp/SplashScreen.java
2025-10-07 04:25:22,686 - Knowledge - INFO - start ingest for /app/data/T0015/147392/b64623x/WeatherApp-Android-147392/app/src/main/java/com/aniketjain/weatherapp/toast/Toaster.java
2025-10-07 04:25:22,769 - Knowledge - INFO - Thread kw17 - File strings.xml - Remaining files in queue: 15
2025-10-07 04:25:22,879 - Knowledge - INFO - Thread kw29 - File UpdateUI.java - Remaining files in queue: 15
2025-10-07 04:25:22,972 - Knowledge - INFO - done ingest for /app/data/T0015/147392/b64623x/WeatherApp-Android-147392/app/src/main/java/com/aniketjain/weatherapp/network/InternetConnectivity.java
2025-10-07 04:25:22,996 - Knowledge - INFO - Found code_base: <app.utils.kg_build.knowledge.KnowledgeCodeBase object at 0x7f3d304e7c90>
2025-10-07 04:25:23,070 - Knowledge - INFO - Thread kw3 - File colors.xml - Remaining files in queue: 15
2025-10-07 04:25:23,183 - Knowledge - INFO - Thread kw30 - File themes.xml - Remaining files in queue: 15
2025-10-07 04:25:23,206 - Knowledge - INFO - done ingest for /app/data/T0015/147392/b64623x/WeatherApp-Android-147392/app/src/androidTest/java/com/aniketjain/weatherapp/ExampleInstrumentedTest.java
2025-10-07 04:25:23,303 - Knowledge - INFO - Thread kw10 - File ic_baseline_error_outline_24.xml - Remaining files in queue: 15
2025-10-07 04:25:23,378 - Knowledge - INFO - worker kw9 pull /app/data/T0015/147392/b64623x/WeatherApp-Android-147392/app/src/main/res/drawable/ic_main_background.xml from ingest queue
2025-10-07 04:25:23,499 - Knowledge - INFO - adding /app/data/T0015/147392/b64623x/WeatherApp-Android-147392/app/src/main/AndroidManifest.xml to ingest queue
2025-10-07 04:25:23,856 - Knowledge - INFO - start ingest for /app/data/T0015/147392/b64623x/WeatherApp-Android-147392/app/src/main/res/values/strings.xml
2025-10-07 04:25:23,955 - Knowledge - INFO - start ingest for /app/data/T0015/147392/b64623x/WeatherApp-Android-147392/app/src/main/java/com/aniketjain/weatherapp/update/UpdateUI.java
2025-10-07 04:25:24,061 - Knowledge - INFO - process ingested knowledge for /app/data/T0015/147392/b64623x/WeatherApp-Android-147392/app/src/main/java/com/aniketjain/weatherapp/network/InternetConnectivity.java
2025-10-07 04:25:24,218 - Knowledge - INFO - persist ingested knowledge for /app/data/T0015/147392/b64623x/WeatherApp-Android-147392/settings.gradle
2025-10-07 04:25:24,348 - Knowledge - INFO - start ingest for /app/data/T0015/147392/b64623x/WeatherApp-Android-147392/app/src/main/res/values/colors.xml
2025-10-07 04:25:24,485 - Knowledge - INFO - start ingest for /app/data/T0015/147392/b64623x/WeatherApp-Android-147392/app/src/main/res/values/themes.xml
2025-10-07 04:25:24,578 - Knowledge - INFO - process ingested knowledge for /app/data/T0015/147392/b64623x/WeatherApp-Android-147392/app/src/androidTest/java/com/aniketjain/weatherapp/ExampleInstrumentedTest.java
2025-10-07 04:25:24,742 - Knowledge - INFO - start ingest for /app/data/T0015/147392/b64623x/WeatherApp-Android-147392/app/src/main/res/drawable/ic_baseline_error_outline_24.xml
2025-10-07 04:25:24,865 - Knowledge - INFO - Thread kw9 - File ic_main_background.xml - Remaining files in queue: 15
2025-10-07 04:25:25,012 - Knowledge - INFO - adding /app/data/T0015/147392/b64623x/WeatherApp-Android-147392/app/proguard-rules.pro to ingest queue
2025-10-07 04:25:25,169 - Knowledge - INFO - Fast-track processing for simple file: /app/data/T0015/147392/b64623x/WeatherApp-Android-147392/app/src/main/res/values/strings.xml
2025-10-07 04:25:25,728 - Knowledge - INFO - Fast-track processing for simple file: /app/data/T0015/147392/b64623x/WeatherApp-Android-147392/app/src/main/res/values/colors.xml
2025-10-07 04:25:25,799 - Knowledge - INFO - Fast-track processing for simple file: /app/data/T0015/147392/b64623x/WeatherApp-Android-147392/app/src/main/res/values/themes.xml
2025-10-07 04:25:26,087 - Knowledge - INFO - Fast-track processing for simple file: /app/data/T0015/147392/b64623x/WeatherApp-Android-147392/app/src/main/res/drawable/ic_baseline_error_outline_24.xml
2025-10-07 04:25:26,198 - Knowledge - INFO - start ingest for /app/data/T0015/147392/b64623x/WeatherApp-Android-147392/app/src/main/res/drawable/ic_main_background.xml
2025-10-07 04:25:26,333 - Knowledge - INFO - adding /app/data/T0015/147392/b64623x/WeatherApp-Android-147392/CODE_OF_CONDUCT.md to ingest queue
2025-10-07 04:25:26,409 - Knowledge - INFO - done fast ingest for /app/data/T0015/147392/b64623x/WeatherApp-Android-147392/app/src/main/res/values/strings.xml
2025-10-07 04:25:26,526 - Knowledge - INFO - done fast ingest for /app/data/T0015/147392/b64623x/WeatherApp-Android-147392/app/src/main/res/values/colors.xml
2025-10-07 04:25:26,616 - Knowledge - INFO - done fast ingest for /app/data/T0015/147392/b64623x/WeatherApp-Android-147392/app/src/main/res/values/themes.xml
2025-10-07 04:25:26,732 - Knowledge - INFO - done fast ingest for /app/data/T0015/147392/b64623x/WeatherApp-Android-147392/app/src/main/res/drawable/ic_baseline_error_outline_24.xml
2025-10-07 04:25:26,907 - Knowledge - INFO - Fast-track processing for simple file: /app/data/T0015/147392/b64623x/WeatherApp-Android-147392/app/src/main/res/drawable/ic_main_background.xml
2025-10-07 04:25:26,997 - Knowledge - INFO - adding /app/data/T0015/147392/b64623x/WeatherApp-Android-147392/build.gradle to ingest queue
2025-10-07 04:25:27,093 - Knowledge - INFO - process ingested knowledge for /app/data/T0015/147392/b64623x/WeatherApp-Android-147392/app/src/main/res/values/strings.xml
2025-10-07 04:25:27,145 - Knowledge - INFO - done ingest for /app/data/T0015/147392/b64623x/WeatherApp-Android-147392/app/src/main/java/com/aniketjain/weatherapp/location/CityFinder.java
2025-10-07 04:25:27,243 - Knowledge - INFO - process ingested knowledge for /app/data/T0015/147392/b64623x/WeatherApp-Android-147392/app/src/main/res/values/colors.xml
2025-10-07 04:25:27,365 - Knowledge - INFO - process ingested knowledge for /app/data/T0015/147392/b64623x/WeatherApp-Android-147392/app/src/main/res/values/themes.xml
2025-10-07 04:25:27,479 - Knowledge - INFO - process ingested knowledge for /app/data/T0015/147392/b64623x/WeatherApp-Android-147392/app/src/main/res/drawable/ic_baseline_error_outline_24.xml
2025-10-07 04:25:27,590 - Knowledge - INFO - done fast ingest for /app/data/T0015/147392/b64623x/WeatherApp-Android-147392/app/src/main/res/drawable/ic_main_background.xml
2025-10-07 04:25:27,742 - Knowledge - INFO - Found code-base-name: https://github.com/kavia-common/WeatherApp-Android-147392.git:kavia-master
2025-10-07 04:25:27,746 - Knowledge - INFO - adding /app/data/T0015/147392/b64623x/WeatherApp-Android-147392/README.md to ingest queue
2025-10-07 04:25:28,001 - Knowledge - INFO - process ingested knowledge for /app/data/T0015/147392/b64623x/WeatherApp-Android-147392/app/src/main/java/com/aniketjain/weatherapp/location/CityFinder.java
2025-10-07 04:25:28,026 - Knowledge - INFO - done ingest for /app/data/T0015/147392/b64623x/WeatherApp-Android-147392/app/src/main/java/com/aniketjain/weatherapp/adapter/DaysAdapter.java
2025-10-07 04:25:28,439 - Knowledge - INFO - process ingested knowledge for /app/data/T0015/147392/b64623x/WeatherApp-Android-147392/app/src/main/res/drawable/ic_main_background.xml
2025-10-07 04:25:28,535 - Knowledge - INFO - Found code_base: <app.utils.kg_build.knowledge.KnowledgeCodeBase object at 0x7f3d304e7c90>
2025-10-07 04:25:28,784 - Knowledge - INFO - adding /app/data/T0015/147392/b64623x/WeatherApp-Android-147392/index.html to ingest queue
2025-10-07 04:25:28,878 - Knowledge - INFO - process ingested knowledge for /app/data/T0015/147392/b64623x/WeatherApp-Android-147392/app/src/main/java/com/aniketjain/weatherapp/adapter/DaysAdapter.java
2025-10-07 04:25:29,127 - Knowledge - INFO - persist ingested knowledge for /app/data/T0015/147392/b64623x/WeatherApp-Android-147392/app/src/main/java/com/aniketjain/weatherapp/location/LocationCord.java
2025-10-07 04:25:29,240 - Knowledge - INFO - worker kw4 pull /app/data/T0015/147392/b64623x/WeatherApp-Android-147392/app/src/main/res/drawable/ic_launcher_foreground.xml from ingest queue
2025-10-07 04:25:29,241 - Knowledge - INFO - Found code-base-name: https://github.com/kavia-common/WeatherApp-Android-147392.git:kavia-master
2025-10-07 04:25:29,337 - Knowledge - INFO - adding /app/data/T0015/147392/b64623x/WeatherApp-Android-147392/app/src/main/res/values-fr/strings.xml to ingest queue
2025-10-07 04:25:29,576 - Knowledge - INFO - Thread kw4 - File ic_launcher_foreground.xml - Remaining files in queue: 20
2025-10-07 04:25:29,684 - Knowledge - INFO - Found code_base: <app.utils.kg_build.knowledge.KnowledgeCodeBase object at 0x7f3d304e7c90>
2025-10-07 04:25:29,795 - Knowledge - INFO - worker kw8 pull /app/data/T0015/147392/b64623x/WeatherApp-Android-147392/app/src/main/res/drawable/ic_baseline_check_24.xml from ingest queue
2025-10-07 04:25:29,801 - Knowledge - INFO - adding /app/data/T0015/147392/b64623x/WeatherApp-Android-147392/app/build.gradle to ingest queue
2025-10-07 04:25:29,883 - Knowledge - INFO - start ingest for /app/data/T0015/147392/b64623x/WeatherApp-Android-147392/app/src/main/res/drawable/ic_launcher_foreground.xml
2025-10-07 04:25:29,996 - Knowledge - INFO - persist ingested knowledge for /app/data/T0015/147392/b64623x/WeatherApp-Android-147392/app/src/test/java/com/aniketjain/weatherapp/ExampleUnitTest.java
2025-10-07 04:25:30,131 - Knowledge - INFO - Thread kw8 - File ic_baseline_check_24.xml - Remaining files in queue: 20
2025-10-07 04:25:30,254 - Knowledge - INFO - Found code-base-name: https://github.com/kavia-common/WeatherApp-Android-147392.git:kavia-master
2025-10-07 04:25:30,398 - Knowledge - INFO - Fast-track processing for simple file: /app/data/T0015/147392/b64623x/WeatherApp-Android-147392/app/src/main/res/drawable/ic_launcher_foreground.xml
2025-10-07 04:25:30,446 - Knowledge - INFO - Found code-base-name: https://github.com/kavia-common/WeatherApp-Android-147392.git:kavia-master
2025-10-07 04:25:30,449 - Knowledge - INFO - worker kw5 pull /app/data/T0015/147392/b64623x/WeatherApp-Android-147392/app/src/main/res/drawable/ic_launcher_background.xml from ingest queue
2025-10-07 04:25:30,450 - Knowledge - INFO - worker kw12 pull /app/data/T0015/147392/b64623x/WeatherApp-Android-147392/app/src/main/res/layout/activity_home.xml from ingest queue
2025-10-07 04:25:30,453 - Knowledge - INFO - Found code-base-name: https://github.com/kavia-common/WeatherApp-Android-147392.git:kavia-master
2025-10-07 04:25:30,462 - Knowledge - INFO - Found code-base-name: https://github.com/kavia-common/WeatherApp-Android-147392.git:kavia-master
2025-10-07 04:25:30,471 - Knowledge - INFO - Found code-base-name: https://github.com/kavia-common/WeatherApp-Android-147392.git:kavia-master
2025-10-07 04:25:30,472 - Knowledge - INFO - worker kw23 pull /app/data/T0015/147392/b64623x/WeatherApp-Android-147392/app/src/main/res/layout/main_layout.xml from ingest queue
2025-10-07 04:25:30,475 - Knowledge - INFO - adding /app/data/T0015/147392/b64623x/WeatherApp-Android-147392/SECURITY.md to ingest queue
2025-10-07 04:25:30,615 - Knowledge - INFO - start ingest for /app/data/T0015/147392/b64623x/WeatherApp-Android-147392/app/src/main/res/drawable/ic_baseline_check_24.xml
2025-10-07 04:25:30,743 - Knowledge - INFO - Found code_base: <app.utils.kg_build.knowledge.KnowledgeCodeBase object at 0x7f3d304e7c90>
2025-10-07 04:25:31,075 - Knowledge - INFO - done fast ingest for /app/data/T0015/147392/b64623x/WeatherApp-Android-147392/app/src/main/res/drawable/ic_launcher_foreground.xml
2025-10-07 04:25:31,184 - Knowledge - INFO - Found code_base: <app.utils.kg_build.knowledge.KnowledgeCodeBase object at 0x7f3d304e7c90>
2025-10-07 04:25:31,276 - Knowledge - INFO - Thread kw5 - File ic_launcher_background.xml - Remaining files in queue: 18
2025-10-07 04:25:31,384 - Knowledge - INFO - Thread kw12 - File activity_home.xml - Remaining files in queue: 18
2025-10-07 04:25:32,834 - Knowledge - INFO - start ingest for /app/data/T0015/147392/b64623x/WeatherApp-Android-147392/app/src/main/res/layout/activity_home.xml
2025-10-07 04:25:31,588 - Knowledge - INFO - Found code_base: <app.utils.kg_build.knowledge.KnowledgeCodeBase object at 0x7f3d304e7c90>
2025-10-07 04:25:31,705 - Knowledge - INFO - Found code_base: <app.utils.kg_build.knowledge.KnowledgeCodeBase object at 0x7f3d304e7c90>
2025-10-07 04:25:31,832 - Knowledge - INFO - Thread kw23 - File main_layout.xml - Remaining files in queue: 18
2025-10-07 04:25:31,862 - Knowledge - INFO - done ingest for /app/data/T0015/147392/b64623x/WeatherApp-Android-147392/app/src/main/java/com/aniketjain/weatherapp/toast/Toaster.java
2025-10-07 04:25:31,980 - Knowledge - INFO - Found code-base-name: https://github.com/kavia-common/WeatherApp-Android-147392.git:kavia-master
2025-10-07 04:25:32,088 - Knowledge - INFO - done ingest for /app/data/T0015/147392/b64623x/WeatherApp-Android-147392/app/src/main/java/com/aniketjain/weatherapp/url/URL.java
2025-10-07 04:25:32,113 - Knowledge - INFO - Fast-track processing for simple file: /app/data/T0015/147392/b64623x/WeatherApp-Android-147392/app/src/main/res/drawable/ic_baseline_check_24.xml
2025-10-07 04:25:32,172 - Knowledge - INFO - worker kw1 pull /app/data/T0015/147392/b64623x/WeatherApp-Android-147392/app/src/main/res/values-de/strings.xml from ingest queue
2025-10-07 04:25:32,185 - Knowledge - INFO - Found code-base-name: https://github.com/kavia-common/WeatherApp-Android-147392.git:kavia-master
2025-10-07 04:25:34,190 - Knowledge - INFO - Found code_base: <app.utils.kg_build.knowledge.KnowledgeCodeBase object at 0x7f3d304e7c90>
2025-10-07 04:25:32,340 - Knowledge - INFO - process ingested knowledge for /app/data/T0015/147392/b64623x/WeatherApp-Android-147392/app/src/main/res/drawable/ic_launcher_foreground.xml
2025-10-07 04:25:32,481 - Knowledge - INFO - persist ingested knowledge for /app/data/T0015/147392/b64623x/WeatherApp-Android-147392/app/src/androidTest/java/com/aniketjain/weatherapp/ExampleInstrumentedTest.java
2025-10-07 04:25:32,550 - Knowledge - INFO - worker kw20 pull /app/data/T0015/147392/b64623x/WeatherApp-Android-147392/app/src/main/res/layout/day_item_layout.xml from ingest queue
2025-10-07 04:25:32,567 - Knowledge - INFO - worker kw21 pull /app/data/T0015/147392/b64623x/WeatherApp-Android-147392/app/src/main/res/raw/cloud_cycle_lottie.json from ingest queue
2025-10-07 04:25:32,568 - Knowledge - INFO - worker kw13 pull /app/data/T0015/147392/b64623x/WeatherApp-Android-147392/app/src/main/res/mipmap-anydpi-v26/ic_launcher_round.xml from ingest queue
2025-10-07 04:25:32,577 - Knowledge - INFO - Found code-base-name: https://github.com/kavia-common/WeatherApp-Android-147392.git:kavia-master
2025-10-07 04:25:32,595 - Knowledge - INFO - Found code-base-name: https://github.com/kavia-common/WeatherApp-Android-147392.git:kavia-master
2025-10-07 04:25:32,596 - Knowledge - INFO - worker kw22 pull /app/data/T0015/147392/b64623x/WeatherApp-Android-147392/app/src/main/res/mipmap-anydpi-v26/ic_main.xml from ingest queue
2025-10-07 04:25:32,605 - Knowledge - INFO - adding /app/data/T0015/147392/b64623x/WeatherApp-Android-147392/app/src/main/res/values-es/strings.xml to ingest queue
2025-10-07 04:25:32,654 - Knowledge - INFO - start ingest for /app/data/T0015/147392/b64623x/WeatherApp-Android-147392/app/src/main/res/drawable/ic_launcher_background.xml
2025-10-07 04:25:32,771 - Knowledge - INFO - done ingest for /app/data/T0015/147392/b64623x/WeatherApp-Android-147392/app/src/main/java/com/aniketjain/weatherapp/update/UpdateUI.java
2025-10-07 04:25:31,487 - Knowledge - INFO - Found code_base: <app.utils.kg_build.knowledge.KnowledgeCodeBase object at 0x7f3d304e7c90>
2025-10-07 04:25:32,994 - Knowledge - INFO - done ingest for /app/data/T0015/147392/b64623x/WeatherApp-Android-147392/app/src/main/java/com/aniketjain/weatherapp/SplashScreen.java
2025-10-07 04:25:33,041 - Knowledge - INFO - Fast-track processing for simple file: /app/data/T0015/147392/b64623x/WeatherApp-Android-147392/app/src/main/res/layout/activity_home.xml
2025-10-07 04:25:33,143 - Knowledge - INFO - persist ingested knowledge for /app/data/T0015/147392/b64623x/WeatherApp-Android-147392/app/src/main/res/values/themes.xml
2025-10-07 04:25:33,294 - Knowledge - INFO - persist ingested knowledge for /app/data/T0015/147392/b64623x/WeatherApp-Android-147392/app/src/main/res/drawable/ic_baseline_error_outline_24.xml
2025-10-07 04:25:33,393 - Knowledge - INFO - start ingest for /app/data/T0015/147392/b64623x/WeatherApp-Android-147392/app/src/main/res/layout/main_layout.xml
2025-10-07 04:25:33,502 - Knowledge - INFO - process ingested knowledge for /app/data/T0015/147392/b64623x/WeatherApp-Android-147392/app/src/main/java/com/aniketjain/weatherapp/toast/Toaster.java
2025-10-07 04:25:33,588 - Knowledge - INFO - done ingest for /app/data/T0015/147392/b64623x/WeatherApp-Android-147392/app/src/main/java/com/aniketjain/weatherapp/HomeActivity.java
2025-10-07 04:25:33,622 - Knowledge - INFO - Found code_base: <app.utils.kg_build.knowledge.KnowledgeCodeBase object at 0x7f3d304e7c90>
2025-10-07 04:25:33,737 - Knowledge - INFO - process ingested knowledge for /app/data/T0015/147392/b64623x/WeatherApp-Android-147392/app/src/main/java/com/aniketjain/weatherapp/url/URL.java
2025-10-07 04:25:33,860 - Knowledge - INFO - done fast ingest for /app/data/T0015/147392/b64623x/WeatherApp-Android-147392/app/src/main/res/drawable/ic_baseline_check_24.xml
2025-10-07 04:25:34,022 - Knowledge - INFO - Thread kw1 - File strings.xml - Remaining files in queue: 14
2025-10-07 04:25:32,187 - Knowledge - INFO - persist ingested knowledge for /app/data/T0015/147392/b64623x/WeatherApp-Android-147392/app/src/main/java/com/aniketjain/weatherapp/network/InternetConnectivity.java
2025-10-07 04:25:34,285 - Knowledge - INFO - persist ingested knowledge for /app/data/T0015/147392/b64623x/WeatherApp-Android-147392/app/src/main/java/com/aniketjain/weatherapp/adapter/DaysAdapter.java
2025-10-07 04:25:34,579 - Knowledge - INFO - Thread kw20 - File day_item_layout.xml - Remaining files in queue: 14
2025-10-07 04:25:34,661 - Knowledge - INFO - Thread kw21 - File cloud_cycle_lottie.json - Remaining files in queue: 14
2025-10-07 04:25:34,761 - Knowledge - INFO - Thread kw13 - File ic_launcher_round.xml - Remaining files in queue: 14
2025-10-07 04:25:34,857 - Knowledge - INFO - Found code_base: <app.utils.kg_build.knowledge.KnowledgeCodeBase object at 0x7f3d304e7c90>
2025-10-07 04:25:34,988 - Knowledge - INFO - Found code_base: <app.utils.kg_build.knowledge.KnowledgeCodeBase object at 0x7f3d304e7c90>
2025-10-07 04:25:35,070 - Knowledge - INFO - Thread kw22 - File ic_main.xml - Remaining files in queue: 14
2025-10-07 04:25:35,201 - Knowledge - INFO - worker kw26 pull /app/data/T0015/147392/b64623x/WeatherApp-Android-147392/app/src/main/res/mipmap-anydpi-v26/ic_main_round.xml from ingest queue
2025-10-07 04:25:35,202 - Knowledge - INFO - worker kw11 pull /app/data/T0015/147392/b64623x/WeatherApp-Android-147392/app/src/main/res/layout/activity_splash_screen.xml from ingest queue
2025-10-07 04:25:35,279 - Knowledge - INFO - Found code-base-name: https://github.com/kavia-common/WeatherApp-Android-147392.git:kavia-master
2025-10-07 04:25:35,315 - Knowledge - INFO - Fast-track processing for simple file: /app/data/T0015/147392/b64623x/WeatherApp-Android-147392/app/src/main/res/drawable/ic_launcher_background.xml
2025-10-07 04:25:35,389 - Knowledge - INFO - process ingested knowledge for /app/data/T0015/147392/b64623x/WeatherApp-Android-147392/app/src/main/java/com/aniketjain/weatherapp/update/UpdateUI.java
2025-10-07 04:25:35,490 - Knowledge - INFO - persist ingested knowledge for /app/data/T0015/147392/b64623x/WeatherApp-Android-147392/app/src/main/res/values/strings.xml
2025-10-07 04:25:35,601 - Knowledge - INFO - process ingested knowledge for /app/data/T0015/147392/b64623x/WeatherApp-Android-147392/app/src/main/java/com/aniketjain/weatherapp/SplashScreen.java
2025-10-07 04:25:35,705 - Knowledge - INFO - persist search terms embedding for app/src/androidTest/java/com/aniketjain/weatherapp/ExampleInstrumentedTest.java
2025-10-07 04:25:35,706 - Knowledge - INFO - done fast ingest for /app/data/T0015/147392/b64623x/WeatherApp-Android-147392/app/src/main/res/layout/activity_home.xml
2025-10-07 04:25:36,038 - Knowledge - INFO - Fast-track processing for simple file: /app/data/T0015/147392/b64623x/WeatherApp-Android-147392/app/src/main/res/layout/main_layout.xml
2025-10-07 04:25:36,238 - Knowledge - INFO - process ingested knowledge for /app/data/T0015/147392/b64623x/WeatherApp-Android-147392/app/src/main/java/com/aniketjain/weatherapp/HomeActivity.java
2025-10-07 04:25:36,325 - Knowledge - INFO - persist ingested knowledge for /app/data/T0015/147392/b64623x/WeatherApp-Android-147392/app/src/main/res/drawable/ic_main_background.xml
2025-10-07 04:25:36,545 - Knowledge - INFO - process ingested knowledge for /app/data/T0015/147392/b64623x/WeatherApp-Android-147392/app/src/main/res/drawable/ic_baseline_check_24.xml
2025-10-07 04:25:36,643 - Knowledge - INFO - start ingest for /app/data/T0015/147392/b64623x/WeatherApp-Android-147392/app/src/main/res/values-de/strings.xml
2025-10-07 04:25:36,936 - Knowledge - INFO - start ingest for /app/data/T0015/147392/b64623x/WeatherApp-Android-147392/app/src/main/res/layout/day_item_layout.xml
2025-10-07 04:25:37,017 - Knowledge - INFO - start ingest for /app/data/T0015/147392/b64623x/WeatherApp-Android-147392/app/src/main/res/raw/cloud_cycle_lottie.json
2025-10-07 04:25:37,100 - Knowledge - INFO - start ingest for /app/data/T0015/147392/b64623x/WeatherApp-Android-147392/app/src/main/res/mipmap-anydpi-v26/ic_launcher_round.xml
2025-10-07 04:25:37,181 - Knowledge - INFO - persist ingested knowledge for /app/data/T0015/147392/b64623x/WeatherApp-Android-147392/app/src/main/res/values/colors.xml
2025-10-07 04:25:37,262 - Knowledge - INFO - persist ingested knowledge for /app/data/T0015/147392/b64623x/WeatherApp-Android-147392/app/src/main/java/com/aniketjain/weatherapp/location/CityFinder.java
2025-10-07 04:25:37,351 - Knowledge - INFO - start ingest for /app/data/T0015/147392/b64623x/WeatherApp-Android-147392/app/src/main/res/mipmap-anydpi-v26/ic_main.xml
2025-10-07 04:25:37,460 - Knowledge - INFO - Thread kw26 - File ic_main_round.xml - Remaining files in queue: 13
2025-10-07 04:25:37,561 - Knowledge - INFO - Thread kw11 - File activity_splash_screen.xml - Remaining files in queue: 13
2025-10-07 04:25:37,641 - Knowledge - INFO - Found code_base: <app.utils.kg_build.knowledge.KnowledgeCodeBase object at 0x7f3d304e7c90>
2025-10-07 04:25:37,738 - Knowledge - INFO - done fast ingest for /app/data/T0015/147392/b64623x/WeatherApp-Android-147392/app/src/main/res/drawable/ic_launcher_background.xml
2025-10-07 04:25:38,162 - Knowledge - INFO - worker kw6 pull /app/data/T0015/147392/b64623x/WeatherApp-Android-147392/app/src/main/res/values-night/strings.xml from ingest queue
2025-10-07 04:25:38,163 - Knowledge - INFO - adding /app/data/T0015/147392/b64623x/WeatherApp-Android-147392/CONTRIBUTING.md to ingest queue
2025-10-07 04:25:38,238 - Knowledge - INFO - process ingested knowledge for /app/data/T0015/147392/b64623x/WeatherApp-Android-147392/app/src/main/res/layout/activity_home.xml
2025-10-07 04:25:38,336 - Knowledge - INFO - done fast ingest for /app/data/T0015/147392/b64623x/WeatherApp-Android-147392/app/src/main/res/layout/main_layout.xml
2025-10-07 04:25:38,766 - Knowledge - INFO - Fast-track processing for simple file: /app/data/T0015/147392/b64623x/WeatherApp-Android-147392/app/src/main/res/values-de/strings.xml
2025-10-07 04:25:38,878 - Knowledge - INFO - Fast-track processing for simple file: /app/data/T0015/147392/b64623x/WeatherApp-Android-147392/app/src/main/res/layout/day_item_layout.xml
2025-10-07 04:25:38,960 - Knowledge - INFO - Fast-track processing for simple file: /app/data/T0015/147392/b64623x/WeatherApp-Android-147392/app/src/main/res/raw/cloud_cycle_lottie.json
2025-10-07 04:25:39,082 - Knowledge - INFO - Fast-track processing for simple file: /app/data/T0015/147392/b64623x/WeatherApp-Android-147392/app/src/main/res/mipmap-anydpi-v26/ic_launcher_round.xml
2025-10-07 04:25:39,404 - Knowledge - INFO - Fast-track processing for simple file: /app/data/T0015/147392/b64623x/WeatherApp-Android-147392/app/src/main/res/mipmap-anydpi-v26/ic_main.xml
2025-10-07 04:25:39,489 - Knowledge - INFO - start ingest for /app/data/T0015/147392/b64623x/WeatherApp-Android-147392/app/src/main/res/mipmap-anydpi-v26/ic_main_round.xml
2025-10-07 04:25:39,591 - Knowledge - INFO - start ingest for /app/data/T0015/147392/b64623x/WeatherApp-Android-147392/app/src/main/res/layout/activity_splash_screen.xml
2025-10-07 04:25:39,676 - Knowledge - INFO - persist ingested knowledge for /app/data/T0015/147392/b64623x/WeatherApp-Android-147392/app/src/main/res/drawable/ic_launcher_foreground.xml
2025-10-07 04:25:39,745 - Knowledge - INFO - process ingested knowledge for /app/data/T0015/147392/b64623x/WeatherApp-Android-147392/app/src/main/res/drawable/ic_launcher_background.xml
2025-10-07 04:25:39,823 - Knowledge - INFO - Thread kw6 - File strings.xml - Remaining files in queue: 12
2025-10-07 04:25:39,944 - Knowledge - INFO - worker kw2 pull /app/data/T0015/147392/b64623x/WeatherApp-Android-147392/app/src/main/res/mipmap-anydpi-v26/ic_launcher.xml from ingest queue
2025-10-07 04:25:40,014 - Knowledge - INFO - Found code-base-name: https://github.com/kavia-common/WeatherApp-Android-147392.git:kavia-master
2025-10-07 04:25:40,015 - Knowledge - INFO - Found code-base-name: https://github.com/kavia-common/WeatherApp-Android-147392.git:kavia-master
2025-10-07 04:25:40,126 - Knowledge - INFO - process ingested knowledge for /app/data/T0015/147392/b64623x/WeatherApp-Android-147392/app/src/main/res/layout/main_layout.xml
2025-10-07 04:25:40,233 - Knowledge - INFO - done fast ingest for /app/data/T0015/147392/b64623x/WeatherApp-Android-147392/app/src/main/res/values-de/strings.xml
2025-10-07 04:25:40,344 - Knowledge - INFO - done fast ingest for /app/data/T0015/147392/b64623x/WeatherApp-Android-147392/app/src/main/res/layout/day_item_layout.xml
2025-10-07 04:25:40,382 - Knowledge - INFO - persist search terms embedding for app/src/main/java/com/aniketjain/weatherapp/network/InternetConnectivity.java
2025-10-07 04:25:40,434 - Knowledge - INFO - done fast ingest for /app/data/T0015/147392/b64623x/WeatherApp-Android-147392/app/src/main/res/raw/cloud_cycle_lottie.json
2025-10-07 04:25:40,525 - Knowledge - INFO - done fast ingest for /app/data/T0015/147392/b64623x/WeatherApp-Android-147392/app/src/main/res/mipmap-anydpi-v26/ic_launcher_round.xml
2025-10-07 04:25:40,607 - Knowledge - INFO - done fast ingest for /app/data/T0015/147392/b64623x/WeatherApp-Android-147392/app/src/main/res/mipmap-anydpi-v26/ic_main.xml
2025-10-07 04:25:40,722 - Knowledge - INFO - Fast-track processing for simple file: /app/data/T0015/147392/b64623x/WeatherApp-Android-147392/app/src/main/res/mipmap-anydpi-v26/ic_main_round.xml
2025-10-07 04:25:40,841 - Knowledge - INFO - Fast-track processing for simple file: /app/data/T0015/147392/b64623x/WeatherApp-Android-147392/app/src/main/res/layout/activity_splash_screen.xml
2025-10-07 04:25:41,119 - Knowledge - INFO - start ingest for /app/data/T0015/147392/b64623x/WeatherApp-Android-147392/app/src/main/res/values-night/strings.xml
2025-10-07 04:25:41,224 - Knowledge - INFO - Thread kw2 - File ic_launcher.xml - Remaining files in queue: 12
2025-10-07 04:25:41,313 - Knowledge - INFO - Found code_base: <app.utils.kg_build.knowledge.KnowledgeCodeBase object at 0x7f3d304e7c90>
2025-10-07 04:25:41,404 - Knowledge - INFO - Found code_base: <app.utils.kg_build.knowledge.KnowledgeCodeBase object at 0x7f3d304e7c90>
2025-10-07 04:25:41,610 - Knowledge - INFO - process ingested knowledge for /app/data/T0015/147392/b64623x/WeatherApp-Android-147392/app/src/main/res/values-de/strings.xml
2025-10-07 04:25:41,706 - Knowledge - INFO - process ingested knowledge for /app/data/T0015/147392/b64623x/WeatherApp-Android-147392/app/src/main/res/layout/day_item_layout.xml
2025-10-07 04:25:41,929 - Knowledge - INFO - process ingested knowledge for /app/data/T0015/147392/b64623x/WeatherApp-Android-147392/app/src/main/res/raw/cloud_cycle_lottie.json
2025-10-07 04:25:42,041 - Knowledge - INFO - process ingested knowledge for /app/data/T0015/147392/b64623x/WeatherApp-Android-147392/app/src/main/res/mipmap-anydpi-v26/ic_launcher_round.xml
2025-10-07 04:25:42,092 - Knowledge - INFO - persist search terms embedding for app/src/main/java/com/aniketjain/weatherapp/adapter/DaysAdapter.java
2025-10-07 04:25:42,131 - Knowledge - INFO - process ingested knowledge for /app/data/T0015/147392/b64623x/WeatherApp-Android-147392/app/src/main/res/mipmap-anydpi-v26/ic_main.xml
2025-10-07 04:25:42,235 - Knowledge - INFO - done fast ingest for /app/data/T0015/147392/b64623x/WeatherApp-Android-147392/app/src/main/res/mipmap-anydpi-v26/ic_main_round.xml
2025-10-07 04:25:42,367 - Knowledge - INFO - done fast ingest for /app/data/T0015/147392/b64623x/WeatherApp-Android-147392/app/src/main/res/layout/activity_splash_screen.xml
2025-10-07 04:25:42,460 - Knowledge - INFO - Fast-track processing for simple file: /app/data/T0015/147392/b64623x/WeatherApp-Android-147392/app/src/main/res/values-night/strings.xml
2025-10-07 04:25:42,556 - Knowledge - INFO - start ingest for /app/data/T0015/147392/b64623x/WeatherApp-Android-147392/app/src/main/res/mipmap-anydpi-v26/ic_launcher.xml
2025-10-07 04:25:42,639 - Knowledge - INFO - persist ingested knowledge for /app/data/T0015/147392/b64623x/WeatherApp-Android-147392/app/src/main/java/com/aniketjain/weatherapp/toast/Toaster.java
2025-10-07 04:25:42,749 - Knowledge - INFO - persist ingested knowledge for /app/data/T0015/147392/b64623x/WeatherApp-Android-147392/app/src/main/java/com/aniketjain/weatherapp/url/URL.java
2025-10-07 04:25:43,252 - Knowledge - INFO - Found code-base-name: https://github.com/kavia-common/WeatherApp-Android-147392.git:kavia-master
2025-10-07 04:25:43,340 - Knowledge - INFO - Found code-base-name: https://github.com/kavia-common/WeatherApp-Android-147392.git:kavia-master
2025-10-07 04:25:43,340 - Knowledge - INFO - worker kw18 pull /app/data/T0015/147392/b64623x/WeatherApp-Android-147392/app/src/main/res/values-night/themes.xml from ingest queue
2025-10-07 04:25:43,340 - Knowledge - INFO - worker kw16 pull /app/data/T0015/147392/b64623x/WeatherApp-Android-147392/app/src/main/AndroidManifest.xml from ingest queue
2025-10-07 04:25:43,447 - Knowledge - INFO - process ingested knowledge for /app/data/T0015/147392/b64623x/WeatherApp-Android-147392/app/src/main/res/mipmap-anydpi-v26/ic_main_round.xml
2025-10-07 04:25:43,565 - Knowledge - INFO - process ingested knowledge for /app/data/T0015/147392/b64623x/WeatherApp-Android-147392/app/src/main/res/layout/activity_splash_screen.xml
2025-10-07 04:25:43,652 - Knowledge - INFO - done fast ingest for /app/data/T0015/147392/b64623x/WeatherApp-Android-147392/app/src/main/res/values-night/strings.xml
2025-10-07 04:25:43,763 - Knowledge - INFO - Fast-track processing for simple file: /app/data/T0015/147392/b64623x/WeatherApp-Android-147392/app/src/main/res/mipmap-anydpi-v26/ic_launcher.xml
2025-10-07 04:25:43,843 - Knowledge - INFO - persist search terms embedding for app/src/main/java/com/aniketjain/weatherapp/location/CityFinder.java
2025-10-07 04:25:44,070 - Knowledge - INFO - Found code_base: <app.utils.kg_build.knowledge.KnowledgeCodeBase object at 0x7f3d304e7c90>
2025-10-07 04:25:44,179 - Knowledge - INFO - Found code_base: <app.utils.kg_build.knowledge.KnowledgeCodeBase object at 0x7f3d304e7c90>
2025-10-07 04:25:44,280 - Knowledge - INFO - Thread kw18 - File themes.xml - Remaining files in queue: 10
2025-10-07 04:25:44,384 - Knowledge - INFO - Thread kw16 - File AndroidManifest.xml - Remaining files in queue: 10
2025-10-07 04:25:44,706 - Knowledge - INFO - process ingested knowledge for /app/data/T0015/147392/b64623x/WeatherApp-Android-147392/app/src/main/res/values-night/strings.xml
2025-10-07 04:25:44,783 - Knowledge - INFO - done fast ingest for /app/data/T0015/147392/b64623x/WeatherApp-Android-147392/app/src/main/res/mipmap-anydpi-v26/ic_launcher.xml
2025-10-07 04:25:44,958 - Knowledge - INFO - worker kw24 pull /app/data/T0015/147392/b64623x/WeatherApp-Android-147392/app/proguard-rules.pro from ingest queue
2025-10-07 04:25:44,958 - Knowledge - INFO - worker kw30 pull /app/data/T0015/147392/b64623x/WeatherApp-Android-147392/CODE_OF_CONDUCT.md from ingest queue
2025-10-07 04:25:44,982 - Knowledge - INFO - persist ingested knowledge for /app/data/T0015/147392/b64623x/WeatherApp-Android-147392/app/src/main/java/com/aniketjain/weatherapp/update/UpdateUI.java
2025-10-07 04:25:45,030 - Knowledge - INFO - Found code-base-name: https://github.com/kavia-common/WeatherApp-Android-147392.git:kavia-master
2025-10-07 04:25:45,030 - Knowledge - INFO - worker kw7 pull /app/data/T0015/147392/b64623x/WeatherApp-Android-147392/build.gradle from ingest queue
2025-10-07 04:25:45,030 - Knowledge - INFO - Found code-base-name: https://github.com/kavia-common/WeatherApp-Android-147392.git:kavia-master
2025-10-07 04:25:45,030 - Knowledge - INFO - Found code-base-name: https://github.com/kavia-common/WeatherApp-Android-147392.git:kavia-master
2025-10-07 04:25:45,030 - Knowledge - INFO - Found code-base-name: https://github.com/kavia-common/WeatherApp-Android-147392.git:kavia-master
2025-10-07 04:25:45,030 - Knowledge - INFO - worker kw25 pull /app/data/T0015/147392/b64623x/WeatherApp-Android-147392/README.md from ingest queue
2025-10-07 04:25:45,031 - Knowledge - INFO - worker kw17 pull /app/data/T0015/147392/b64623x/WeatherApp-Android-147392/index.html from ingest queue
2025-10-07 04:25:45,035 - Knowledge - INFO - Found code-base-name: https://github.com/kavia-common/WeatherApp-Android-147392.git:kavia-master
2025-10-07 04:25:45,036 - Knowledge - INFO - worker kw9 pull /app/data/T0015/147392/b64623x/WeatherApp-Android-147392/app/src/main/res/values-fr/strings.xml from ingest queue
2025-10-07 04:25:45,036 - Knowledge - INFO - worker kw3 pull /app/data/T0015/147392/b64623x/WeatherApp-Android-147392/app/build.gradle from ingest queue
2025-10-07 04:25:45,070 - Knowledge - INFO - persist ingested knowledge for /app/data/T0015/147392/b64623x/WeatherApp-Android-147392/app/src/main/java/com/aniketjain/weatherapp/SplashScreen.java
2025-10-07 04:25:45,169 - Knowledge - INFO - start ingest for /app/data/T0015/147392/b64623x/WeatherApp-Android-147392/app/src/main/res/values-night/themes.xml
2025-10-07 04:25:45,260 - Knowledge - INFO - start ingest for /app/data/T0015/147392/b64623x/WeatherApp-Android-147392/app/src/main/AndroidManifest.xml
2025-10-07 04:25:45,354 - Knowledge - INFO - persist search terms embedding for app/src/main/java/com/aniketjain/weatherapp/url/URL.java
2025-10-07 04:25:45,432 - Knowledge - INFO - process ingested knowledge for /app/data/T0015/147392/b64623x/WeatherApp-Android-147392/app/src/main/res/mipmap-anydpi-v26/ic_launcher.xml
2025-10-07 04:25:45,516 - Knowledge - INFO - Thread kw24 - File proguard-rules.pro - Remaining files in queue: 3
2025-10-07 04:25:45,588 - Knowledge - INFO - Thread kw30 - File CODE_OF_CONDUCT.md - Remaining files in queue: 3
2025-10-07 04:25:45,824 - Knowledge - INFO - Found code_base: <app.utils.kg_build.knowledge.KnowledgeCodeBase object at 0x7f3d304e7c90>
2025-10-07 04:25:45,937 - Knowledge - INFO - Thread kw7 - File build.gradle - Remaining files in queue: 3
2025-10-07 04:25:46,028 - Knowledge - INFO - Found code_base: <app.utils.kg_build.knowledge.KnowledgeCodeBase object at 0x7f3d304e7c90>
2025-10-07 04:25:46,148 - Knowledge - INFO - Found code_base: <app.utils.kg_build.knowledge.KnowledgeCodeBase object at 0x7f3d304e7c90>
2025-10-07 04:25:46,234 - Knowledge - INFO - Found code_base: <app.utils.kg_build.knowledge.KnowledgeCodeBase object at 0x7f3d304e7c90>
2025-10-07 04:25:46,312 - Knowledge - INFO - Thread kw25 - File README.md - Remaining files in queue: 3
2025-10-07 04:25:46,402 - Knowledge - INFO - Thread kw17 - File index.html - Remaining files in queue: 3
2025-10-07 04:25:46,474 - Knowledge - INFO - Found code_base: <app.utils.kg_build.knowledge.KnowledgeCodeBase object at 0x7f3d304e7c90>
2025-10-07 04:25:46,600 - Knowledge - INFO - Thread kw9 - File strings.xml - Remaining files in queue: 3
2025-10-07 04:25:46,716 - Knowledge - INFO - Thread kw3 - File build.gradle - Remaining files in queue: 3
2025-10-07 04:25:46,924 - Knowledge - INFO - Fast-track processing for simple file: /app/data/T0015/147392/b64623x/WeatherApp-Android-147392/app/src/main/res/values-night/themes.xml
2025-10-07 04:25:47,006 - Knowledge - INFO - Fast-track processing for simple file: /app/data/T0015/147392/b64623x/WeatherApp-Android-147392/app/src/main/AndroidManifest.xml
2025-10-07 04:25:47,087 - Knowledge - INFO - Found code-base-name: https://github.com/kavia-common/WeatherApp-Android-147392.git:kavia-master
2025-10-07 04:25:47,088 - Knowledge - INFO - worker kw27 pull /app/data/T0015/147392/b64623x/WeatherApp-Android-147392/SECURITY.md from ingest queue
2025-10-07 04:25:47,089 - Knowledge - INFO - Found code-base-name: https://github.com/kavia-common/WeatherApp-Android-147392.git:kavia-master
2025-10-07 04:25:47,089 - Knowledge - INFO - worker kw10 pull /app/data/T0015/147392/b64623x/WeatherApp-Android-147392/app/src/main/res/values-es/strings.xml from ingest queue
2025-10-07 04:25:47,089 - Knowledge - INFO - Found code-base-name: https://github.com/kavia-common/WeatherApp-Android-147392.git:kavia-master
2025-10-07 04:25:47,089 - Knowledge - INFO - Found code-base-name: https://github.com/kavia-common/WeatherApp-Android-147392.git:kavia-master
2025-10-07 04:25:47,089 - Knowledge - INFO - Found code-base-name: https://github.com/kavia-common/WeatherApp-Android-147392.git:kavia-master
2025-10-07 04:25:47,286 - Knowledge - INFO - start ingest for /app/data/T0015/147392/b64623x/WeatherApp-Android-147392/app/proguard-rules.pro
2025-10-07 04:25:47,403 - Knowledge - INFO - start ingest for /app/data/T0015/147392/b64623x/WeatherApp-Android-147392/CODE_OF_CONDUCT.md
2025-10-07 04:25:47,424 - Knowledge - INFO - persist search terms embedding for app/src/main/java/com/aniketjain/weatherapp/toast/Toaster.java
2025-10-07 04:25:47,511 - Knowledge - INFO - persist ingested knowledge for /app/data/T0015/147392/b64623x/WeatherApp-Android-147392/app/src/main/res/layout/main_layout.xml
2025-10-07 04:25:47,587 - Knowledge - INFO - start ingest for /app/data/T0015/147392/b64623x/WeatherApp-Android-147392/build.gradle
2025-10-07 04:25:47,698 - Knowledge - INFO - persist ingested knowledge for /app/data/T0015/147392/b64623x/WeatherApp-Android-147392/app/src/main/res/values-de/strings.xml
2025-10-07 04:25:47,792 - Knowledge - INFO - persist ingested knowledge for /app/data/T0015/147392/b64623x/WeatherApp-Android-147392/app/src/main/res/raw/cloud_cycle_lottie.json
2025-10-07 04:25:47,901 - Knowledge - INFO - persist ingested knowledge for /app/data/T0015/147392/b64623x/WeatherApp-Android-147392/app/src/main/res/mipmap-anydpi-v26/ic_launcher_round.xml
2025-10-07 04:25:48,034 - Knowledge - INFO - start ingest for /app/data/T0015/147392/b64623x/WeatherApp-Android-147392/README.md
2025-10-07 04:25:48,123 - Knowledge - INFO - start ingest for /app/data/T0015/147392/b64623x/WeatherApp-Android-147392/index.html
2025-10-07 04:25:48,214 - Knowledge - INFO - persist ingested knowledge for /app/data/T0015/147392/b64623x/WeatherApp-Android-147392/app/src/main/res/drawable/ic_baseline_check_24.xml
2025-10-07 04:25:48,306 - Knowledge - INFO - start ingest for /app/data/T0015/147392/b64623x/WeatherApp-Android-147392/app/src/main/res/values-fr/strings.xml
2025-10-07 04:25:48,430 - Knowledge - INFO - start ingest for /app/data/T0015/147392/b64623x/WeatherApp-Android-147392/app/build.gradle
2025-10-07 04:25:48,509 - Knowledge - INFO - done fast ingest for /app/data/T0015/147392/b64623x/WeatherApp-Android-147392/app/src/main/res/values-night/themes.xml
2025-10-07 04:25:48,608 - Knowledge - INFO - done fast ingest for /app/data/T0015/147392/b64623x/WeatherApp-Android-147392/app/src/main/AndroidManifest.xml
2025-10-07 04:25:48,704 - Knowledge - INFO - Found code_base: <app.utils.kg_build.knowledge.KnowledgeCodeBase object at 0x7f3d304e7c90>
2025-10-07 04:25:48,790 - Knowledge - INFO - Thread kw27 - File SECURITY.md - Remaining files in queue: 1
2025-10-07 04:25:48,923 - Knowledge - INFO - Found code_base: <app.utils.kg_build.knowledge.KnowledgeCodeBase object at 0x7f3d304e7c90>
2025-10-07 04:25:48,992 - Knowledge - INFO - Thread kw10 - File strings.xml - Remaining files in queue: 1
2025-10-07 04:25:51,149 - Knowledge - INFO - start ingest for /app/data/T0015/147392/b64623x/WeatherApp-Android-147392/app/src/main/res/values-es/strings.xml
2025-10-07 04:25:49,187 - Knowledge - INFO - Found code_base: <app.utils.kg_build.knowledge.KnowledgeCodeBase object at 0x7f3d304e7c90>
2025-10-07 04:25:49,292 - Knowledge - INFO - Found code_base: <app.utils.kg_build.knowledge.KnowledgeCodeBase object at 0x7f3d304e7c90>
2025-10-07 04:25:49,452 - Knowledge - INFO - Fast-track processing for simple file: /app/data/T0015/147392/b64623x/WeatherApp-Android-147392/CODE_OF_CONDUCT.md
2025-10-07 04:25:51,532 - Knowledge - INFO - done fast ingest for /app/data/T0015/147392/b64623x/WeatherApp-Android-147392/CODE_OF_CONDUCT.md
2025-10-07 04:25:49,536 - Knowledge - INFO - Found code-base-name: https://github.com/kavia-common/WeatherApp-Android-147392.git:kavia-master
2025-10-07 04:25:49,752 - Knowledge - INFO - Fast-track processing for simple file: /app/data/T0015/147392/b64623x/WeatherApp-Android-147392/build.gradle
2025-10-07 04:25:49,859 - Knowledge - INFO - persist search terms embedding for app/src/main/java/com/aniketjain/weatherapp/update/UpdateUI.java
2025-10-07 04:25:50,161 - Knowledge - INFO - Fast-track processing for simple file: /app/data/T0015/147392/b64623x/WeatherApp-Android-147392/README.md
2025-10-07 04:25:50,277 - Knowledge - INFO - Fast-track processing for simple file: /app/data/T0015/147392/b64623x/WeatherApp-Android-147392/index.html
2025-10-07 04:25:50,451 - Knowledge - INFO - Fast-track processing for simple file: /app/data/T0015/147392/b64623x/WeatherApp-Android-147392/app/src/main/res/values-fr/strings.xml
2025-10-07 04:25:50,622 - Knowledge - INFO - process ingested knowledge for /app/data/T0015/147392/b64623x/WeatherApp-Android-147392/app/src/main/res/values-night/themes.xml
2025-10-07 04:25:50,738 - Knowledge - INFO - process ingested knowledge for /app/data/T0015/147392/b64623x/WeatherApp-Android-147392/app/src/main/AndroidManifest.xml
2025-10-07 04:25:50,817 - Knowledge - INFO - persist ingested knowledge for /app/data/T0015/147392/b64623x/WeatherApp-Android-147392/app/src/main/res/layout/activity_splash_screen.xml
2025-10-07 04:25:50,943 - Knowledge - INFO - start ingest for /app/data/T0015/147392/b64623x/WeatherApp-Android-147392/SECURITY.md
2025-10-07 04:25:50,980 - Knowledge - INFO - done ingest for /app/data/T0015/147392/b64623x/WeatherApp-Android-147392/app/proguard-rules.pro
2025-10-07 04:25:51,024 - Knowledge - INFO - persist ingested knowledge for /app/data/T0015/147392/b64623x/WeatherApp-Android-147392/app/src/main/res/layout/activity_home.xml
2025-10-07 04:25:49,103 - Knowledge - INFO - Found code_base: <app.utils.kg_build.knowledge.KnowledgeCodeBase object at 0x7f3d304e7c90>
2025-10-07 04:25:51,237 - Knowledge - INFO - Fast-track processing for simple file: /app/data/T0015/147392/b64623x/WeatherApp-Android-147392/app/src/main/res/values-es/strings.xml
2025-10-07 04:25:51,355 - Knowledge - INFO - persist ingested knowledge for /app/data/T0015/147392/b64623x/WeatherApp-Android-147392/app/src/main/java/com/aniketjain/weatherapp/HomeActivity.java
2025-10-07 04:25:51,452 - Knowledge - INFO - persist ingested knowledge for /app/data/T0015/147392/b64623x/WeatherApp-Android-147392/app/src/main/res/mipmap-anydpi-v26/ic_main.xml
2025-10-07 04:25:49,535 - Knowledge - INFO - Found code-base-name: https://github.com/kavia-common/WeatherApp-Android-147392.git:kavia-master
2025-10-07 04:25:51,640 - Knowledge - INFO - process ingested knowledge for /app/data/T0015/147392/b64623x/WeatherApp-Android-147392/CODE_OF_CONDUCT.md
2025-10-07 04:25:51,752 - Knowledge - INFO - Found code_base: <app.utils.kg_build.knowledge.KnowledgeCodeBase object at 0x7f3d304e7c90>
2025-10-07 04:25:51,874 - Knowledge - INFO - done fast ingest for /app/data/T0015/147392/b64623x/WeatherApp-Android-147392/build.gradle
2025-10-07 04:25:52,063 - Knowledge - INFO - done fast ingest for /app/data/T0015/147392/b64623x/WeatherApp-Android-147392/README.md
2025-10-07 04:25:52,159 - Knowledge - INFO - done fast ingest for /app/data/T0015/147392/b64623x/WeatherApp-Android-147392/index.html
2025-10-07 04:25:52,236 - Knowledge - INFO - done ingest for /app/data/T0015/147392/b64623x/WeatherApp-Android-147392/app/build.gradle
2025-10-07 04:25:52,250 - Knowledge - INFO - done fast ingest for /app/data/T0015/147392/b64623x/WeatherApp-Android-147392/app/src/main/res/values-fr/strings.xml
2025-10-07 04:25:52,331 - Knowledge - INFO - persist search terms embedding for app/src/main/java/com/aniketjain/weatherapp/SplashScreen.java
2025-10-07 04:25:52,667 - Knowledge - INFO - Fast-track processing for simple file: /app/data/T0015/147392/b64623x/WeatherApp-Android-147392/SECURITY.md
2025-10-07 04:25:52,762 - Knowledge - INFO - process ingested knowledge for /app/data/T0015/147392/b64623x/WeatherApp-Android-147392/app/proguard-rules.pro
2025-10-07 04:25:52,974 - Knowledge - INFO - persist ingested knowledge for /app/data/T0015/147392/b64623x/WeatherApp-Android-147392/app/src/main/res/layout/day_item_layout.xml
2025-10-07 04:25:53,085 - Knowledge - INFO - done fast ingest for /app/data/T0015/147392/b64623x/WeatherApp-Android-147392/app/src/main/res/values-es/strings.xml
2025-10-07 04:25:53,361 - Knowledge - INFO - Found code_base: <app.utils.kg_build.knowledge.KnowledgeCodeBase object at 0x7f3d304e7c90>
2025-10-07 04:25:53,551 - Knowledge - INFO - persist ingested knowledge for /app/data/T0015/147392/b64623x/WeatherApp-Android-147392/app/src/main/res/values-night/strings.xml
2025-10-07 04:25:53,635 - Knowledge - INFO - process ingested knowledge for /app/data/T0015/147392/b64623x/WeatherApp-Android-147392/build.gradle
2025-10-07 04:25:53,731 - Knowledge - INFO - process ingested knowledge for /app/data/T0015/147392/b64623x/WeatherApp-Android-147392/README.md
2025-10-07 04:25:53,848 - Knowledge - INFO - process ingested knowledge for /app/data/T0015/147392/b64623x/WeatherApp-Android-147392/index.html
2025-10-07 04:25:53,964 - Knowledge - INFO - process ingested knowledge for /app/data/T0015/147392/b64623x/WeatherApp-Android-147392/app/build.gradle
2025-10-07 04:25:54,045 - Knowledge - INFO - process ingested knowledge for /app/data/T0015/147392/b64623x/WeatherApp-Android-147392/app/src/main/res/values-fr/strings.xml
2025-10-07 04:25:54,167 - Knowledge - INFO - worker kw14 pull /app/data/T0015/147392/b64623x/WeatherApp-Android-147392/CONTRIBUTING.md from ingest queue
2025-10-07 04:25:54,168 - Knowledge - INFO - Found code-base-name: https://github.com/kavia-common/WeatherApp-Android-147392.git:kavia-master
2025-10-07 04:25:54,274 - Knowledge - INFO - done fast ingest for /app/data/T0015/147392/b64623x/WeatherApp-Android-147392/SECURITY.md
2025-10-07 04:25:54,510 - Knowledge - INFO - process ingested knowledge for /app/data/T0015/147392/b64623x/WeatherApp-Android-147392/app/src/main/res/values-es/strings.xml
2025-10-07 04:25:54,559 - Knowledge - INFO - Found code-base-name: https://github.com/kavia-common/WeatherApp-Android-147392.git:kavia-master
2025-10-07 04:25:54,628 - Knowledge - INFO - persist ingested knowledge for /app/data/T0015/147392/b64623x/WeatherApp-Android-147392/app/src/main/res/mipmap-anydpi-v26/ic_main_round.xml
2025-10-07 04:25:55,070 - Knowledge - INFO - persist search terms embedding for app/src/main/java/com/aniketjain/weatherapp/HomeActivity.java
2025-10-07 04:25:55,299 - Knowledge - INFO - Thread kw14 - File CONTRIBUTING.md - Remaining files in queue: 0
2025-10-07 04:25:55,388 - Knowledge - INFO - Found code_base: <app.utils.kg_build.knowledge.KnowledgeCodeBase object at 0x7f3d304e7c90>
2025-10-07 04:25:55,490 - Knowledge - INFO - process ingested knowledge for /app/data/T0015/147392/b64623x/WeatherApp-Android-147392/SECURITY.md
2025-10-07 04:25:55,673 - Knowledge - INFO - Found code_base: <app.utils.kg_build.knowledge.KnowledgeCodeBase object at 0x7f3d304e7c90>
2025-10-07 04:25:55,948 - Knowledge - INFO - Found code-base-name: https://github.com/kavia-common/WeatherApp-Android-147392.git:kavia-master
2025-10-07 04:25:55,948 - Knowledge - INFO - Found code-base-name: https://github.com/kavia-common/WeatherApp-Android-147392.git:kavia-master
2025-10-07 04:25:55,948 - Knowledge - INFO - Found code-base-name: https://github.com/kavia-common/WeatherApp-Android-147392.git:kavia-master
2025-10-07 04:25:55,974 - Knowledge - INFO - start ingest for /app/data/T0015/147392/b64623x/WeatherApp-Android-147392/CONTRIBUTING.md
2025-10-07 04:25:56,083 - Knowledge - INFO - Found code-base-name: https://github.com/kavia-common/WeatherApp-Android-147392.git:kavia-master
2025-10-07 04:25:56,084 - Knowledge - INFO - Found code-base-name: https://github.com/kavia-common/WeatherApp-Android-147392.git:kavia-master
2025-10-07 04:25:56,084 - Knowledge - INFO - Found code-base-name: https://github.com/kavia-common/WeatherApp-Android-147392.git:kavia-master
2025-10-07 04:25:56,084 - Knowledge - INFO - Found code-base-name: https://github.com/kavia-common/WeatherApp-Android-147392.git:kavia-master
2025-10-07 04:25:56,084 - Knowledge - INFO - Found code-base-name: https://github.com/kavia-common/WeatherApp-Android-147392.git:kavia-master
2025-10-07 04:25:56,095 - Knowledge - INFO - persist ingested knowledge for /app/data/T0015/147392/b64623x/WeatherApp-Android-147392/app/src/main/res/mipmap-anydpi-v26/ic_launcher.xml
2025-10-07 04:25:56,163 - Knowledge - INFO - Found code-base-name: https://github.com/kavia-common/WeatherApp-Android-147392.git:kavia-master
2025-10-07 04:25:56,165 - Knowledge - INFO - Found code-base-name: https://github.com/kavia-common/WeatherApp-Android-147392.git:kavia-master
2025-10-07 04:25:56,183 - Knowledge - INFO - Found code-base-name: https://github.com/kavia-common/WeatherApp-Android-147392.git:kavia-master
2025-10-07 04:25:56,268 - Knowledge - INFO - persist ingested knowledge for /app/data/T0015/147392/b64623x/WeatherApp-Android-147392/app/src/main/res/values-night/themes.xml
2025-10-07 04:25:56,378 - Knowledge - INFO - Found code_base: <app.utils.kg_build.knowledge.KnowledgeCodeBase object at 0x7f3d304e7c90>
2025-10-07 04:25:56,489 - Knowledge - INFO - Found code_base: <app.utils.kg_build.knowledge.KnowledgeCodeBase object at 0x7f3d304e7c90>
2025-10-07 04:25:56,601 - Knowledge - INFO - Found code_base: <app.utils.kg_build.knowledge.KnowledgeCodeBase object at 0x7f3d304e7c90>
2025-10-07 04:25:56,699 - Knowledge - INFO - Fast-track processing for simple file: /app/data/T0015/147392/b64623x/WeatherApp-Android-147392/CONTRIBUTING.md
2025-10-07 04:25:56,799 - Knowledge - INFO - Found code_base: <app.utils.kg_build.knowledge.KnowledgeCodeBase object at 0x7f3d304e7c90>
2025-10-07 04:25:56,894 - Knowledge - INFO - Found code_base: <app.utils.kg_build.knowledge.KnowledgeCodeBase object at 0x7f3d304e7c90>
2025-10-07 04:25:57,001 - Knowledge - INFO - Found code_base: <app.utils.kg_build.knowledge.KnowledgeCodeBase object at 0x7f3d304e7c90>
2025-10-07 04:25:57,101 - Knowledge - INFO - Found code_base: <app.utils.kg_build.knowledge.KnowledgeCodeBase object at 0x7f3d304e7c90>
2025-10-07 04:25:57,180 - Knowledge - INFO - Found code_base: <app.utils.kg_build.knowledge.KnowledgeCodeBase object at 0x7f3d304e7c90>
2025-10-07 04:25:57,432 - Knowledge - INFO - Found code_base: <app.utils.kg_build.knowledge.KnowledgeCodeBase object at 0x7f3d304e7c90>
2025-10-07 04:25:57,534 - Knowledge - INFO - Found code_base: <app.utils.kg_build.knowledge.KnowledgeCodeBase object at 0x7f3d304e7c90>
2025-10-07 04:25:57,648 - Knowledge - INFO - Found code_base: <app.utils.kg_build.knowledge.KnowledgeCodeBase object at 0x7f3d304e7c90>
2025-10-07 04:25:57,829 - Knowledge - INFO - persist ingested knowledge for /app/data/T0015/147392/b64623x/WeatherApp-Android-147392/CODE_OF_CONDUCT.md
2025-10-07 04:25:57,920 - Knowledge - INFO - persist ingested knowledge for /app/data/T0015/147392/b64623x/WeatherApp-Android-147392/app/src/main/res/drawable/ic_launcher_background.xml
2025-10-07 04:25:57,997 - Knowledge - INFO - persist ingested knowledge for /app/data/T0015/147392/b64623x/WeatherApp-Android-147392/app/proguard-rules.pro
2025-10-07 04:25:58,080 - Knowledge - INFO - done fast ingest for /app/data/T0015/147392/b64623x/WeatherApp-Android-147392/CONTRIBUTING.md
2025-10-07 04:25:58,163 - Knowledge - INFO - persist ingested knowledge for /app/data/T0015/147392/b64623x/WeatherApp-Android-147392/README.md
2025-10-07 04:25:58,242 - Knowledge - INFO - persist ingested knowledge for /app/data/T0015/147392/b64623x/WeatherApp-Android-147392/index.html
2025-10-07 04:25:58,364 - Knowledge - INFO - persist ingested knowledge for /app/data/T0015/147392/b64623x/WeatherApp-Android-147392/app/build.gradle
2025-10-07 04:25:58,445 - Knowledge - INFO - persist ingested knowledge for /app/data/T0015/147392/b64623x/WeatherApp-Android-147392/app/src/main/res/values-fr/strings.xml
2025-10-07 04:25:58,535 - Knowledge - INFO - persist ingested knowledge for /app/data/T0015/147392/b64623x/WeatherApp-Android-147392/app/src/main/res/values-es/strings.xml
2025-10-07 04:25:58,648 - Knowledge - INFO - persist ingested knowledge for /app/data/T0015/147392/b64623x/WeatherApp-Android-147392/build.gradle
2025-10-07 04:25:58,720 - Knowledge - INFO - persist ingested knowledge for /app/data/T0015/147392/b64623x/WeatherApp-Android-147392/app/src/main/AndroidManifest.xml
2025-10-07 04:25:58,822 - Knowledge - INFO - persist ingested knowledge for /app/data/T0015/147392/b64623x/WeatherApp-Android-147392/SECURITY.md
2025-10-07 04:25:59,217 - Knowledge - INFO - process ingested knowledge for /app/data/T0015/147392/b64623x/WeatherApp-Android-147392/CONTRIBUTING.md
2025-10-07 04:26:00,064 - Knowledge - INFO - Found code-base-name: https://github.com/kavia-common/WeatherApp-Android-147392.git:kavia-master
2025-10-07 04:26:00,174 - Knowledge - INFO - Found code_base: <app.utils.kg_build.knowledge.KnowledgeCodeBase object at 0x7f3d304e7c90>
2025-10-07 04:26:00,266 - Knowledge - INFO - persist ingested knowledge for /app/data/T0015/147392/b64623x/WeatherApp-Android-147392/CONTRIBUTING.md
2025-10-07 04:26:00,443 - Knowledge - INFO - Knowledge creation complete
2025-10-07 04:26:00,561 - Knowledge - INFO - Updating org costs, total cost: 0.003731999999999999
2025-10-07 04:26:01,947 - Knowledge - INFO - Saving knowledge to Redis...
2025-10-07 04:26:02,042 - Knowledge - INFO - Knowledge saved to Redis successfully
2025-10-07 05:52:32,582 - Knowledge - INFO - Redis support added with prefix knowledge:b64623x:
2025-10-07 05:52:33,007 - Knowledge - INFO - load persisted knowledge: begin
2025-10-07 05:52:33,494 - Knowledge - INFO - Persisted knowledge files in /app/data/T0015/147392/b64623x/WeatherApp-Android-147392/.knowledge have been renamed to use .json
2025-10-07 05:52:33,608 - Knowledge - INFO - Found code-base-name: https://github.com/kavia-common/WeatherApp-Android-147392.git:kavia-master
2025-10-07 05:52:33,723 - Knowledge - INFO - Found code_base: <app.utils.kg_build.knowledge.KnowledgeCodeBase object at 0x7fe770ede650>
2025-10-07 05:52:33,813 - Knowledge - INFO - process ingested knowledge for /app/data/T0015/147392/b64623x/WeatherApp-Android-147392/app/src/main/java/com/aniketjain/weatherapp/location/LocationCord.java
2025-10-07 05:52:33,898 - Knowledge - INFO - Found code-base-name: https://github.com/kavia-common/WeatherApp-Android-147392.git:kavia-master
2025-10-07 05:52:33,981 - Knowledge - INFO - Found code_base: <app.utils.kg_build.knowledge.KnowledgeCodeBase object at 0x7fe770ede650>
2025-10-07 05:52:34,080 - Knowledge - INFO - process ingested knowledge for /app/data/T0015/147392/b64623x/WeatherApp-Android-147392/app/src/main/java/com/aniketjain/weatherapp/location/CityFinder.java
2025-10-07 05:52:34,209 - Knowledge - INFO - Found code-base-name: https://github.com/kavia-common/WeatherApp-Android-147392.git:kavia-master
2025-10-07 05:52:34,331 - Knowledge - INFO - Found code_base: <app.utils.kg_build.knowledge.KnowledgeCodeBase object at 0x7fe770ede650>
2025-10-07 05:52:34,440 - Knowledge - INFO - process ingested knowledge for /app/data/T0015/147392/b64623x/WeatherApp-Android-147392/app/src/main/res/mipmap-anydpi-v26/ic_launcher.xml
2025-10-07 05:52:34,533 - Knowledge - INFO - Found code-base-name: https://github.com/kavia-common/WeatherApp-Android-147392.git:kavia-master
2025-10-07 05:52:34,646 - Knowledge - INFO - Found code_base: <app.utils.kg_build.knowledge.KnowledgeCodeBase object at 0x7fe770ede650>
2025-10-07 05:52:34,757 - Knowledge - INFO - process ingested knowledge for /app/data/T0015/147392/b64623x/WeatherApp-Android-147392/app/src/main/res/drawable/ic_launcher_background.xml
2025-10-07 05:52:34,842 - Knowledge - INFO - Found code-base-name: https://github.com/kavia-common/WeatherApp-Android-147392.git:kavia-master
2025-10-07 05:52:34,942 - Knowledge - INFO - Found code_base: <app.utils.kg_build.knowledge.KnowledgeCodeBase object at 0x7fe770ede650>
2025-10-07 05:52:35,132 - Knowledge - INFO - process ingested knowledge for /app/data/T0015/147392/b64623x/WeatherApp-Android-147392/app/src/main/java/com/aniketjain/weatherapp/network/InternetConnectivity.java
2025-10-07 05:52:35,221 - Knowledge - INFO - Found code-base-name: https://github.com/kavia-common/WeatherApp-Android-147392.git:kavia-master
2025-10-07 05:52:35,304 - Knowledge - INFO - Found code_base: <app.utils.kg_build.knowledge.KnowledgeCodeBase object at 0x7fe770ede650>
2025-10-07 05:52:35,427 - Knowledge - INFO - process ingested knowledge for /app/data/T0015/147392/b64623x/WeatherApp-Android-147392/app/src/main/res/values/themes.xml
2025-10-07 05:52:35,536 - Knowledge - INFO - Found code-base-name: https://github.com/kavia-common/WeatherApp-Android-147392.git:kavia-master
2025-10-07 05:52:35,619 - Knowledge - INFO - Found code_base: <app.utils.kg_build.knowledge.KnowledgeCodeBase object at 0x7fe770ede650>
2025-10-07 05:52:35,733 - Knowledge - INFO - process ingested knowledge for /app/data/T0015/147392/b64623x/WeatherApp-Android-147392/app/src/main/res/drawable/ic_baseline_check_24.xml
2025-10-07 05:52:35,818 - Knowledge - INFO - Found code-base-name: https://github.com/kavia-common/WeatherApp-Android-147392.git:kavia-master
2025-10-07 05:52:35,936 - Knowledge - INFO - Found code_base: <app.utils.kg_build.knowledge.KnowledgeCodeBase object at 0x7fe770ede650>
2025-10-07 05:52:36,016 - Knowledge - INFO - process ingested knowledge for /app/data/T0015/147392/b64623x/WeatherApp-Android-147392/app/src/main/res/values/colors.xml
2025-10-07 05:52:36,108 - Knowledge - INFO - Found code-base-name: https://github.com/kavia-common/WeatherApp-Android-147392.git:kavia-master
2025-10-07 05:52:36,186 - Knowledge - INFO - Found code_base: <app.utils.kg_build.knowledge.KnowledgeCodeBase object at 0x7fe770ede650>
2025-10-07 05:52:36,268 - Knowledge - INFO - process ingested knowledge for /app/data/T0015/147392/b64623x/WeatherApp-Android-147392/app/src/main/res/values/strings.xml
2025-10-07 05:52:36,367 - Knowledge - INFO - Found code-base-name: https://github.com/kavia-common/WeatherApp-Android-147392.git:kavia-master
2025-10-07 05:52:36,450 - Knowledge - INFO - Found code_base: <app.utils.kg_build.knowledge.KnowledgeCodeBase object at 0x7fe770ede650>
2025-10-07 05:52:36,554 - Knowledge - INFO - process ingested knowledge for /app/data/T0015/147392/b64623x/WeatherApp-Android-147392/app/src/main/java/com/aniketjain/weatherapp/url/URL.java
2025-10-07 05:52:36,653 - Knowledge - INFO - Found code-base-name: https://github.com/kavia-common/WeatherApp-Android-147392.git:kavia-master
2025-10-07 05:52:36,733 - Knowledge - INFO - Found code_base: <app.utils.kg_build.knowledge.KnowledgeCodeBase object at 0x7fe770ede650>
2025-10-07 05:52:36,836 - Knowledge - INFO - process ingested knowledge for /app/data/T0015/147392/b64623x/WeatherApp-Android-147392/app/src/main/res/values-de/strings.xml
2025-10-07 05:52:36,919 - Knowledge - INFO - Found code-base-name: https://github.com/kavia-common/WeatherApp-Android-147392.git:kavia-master
2025-10-07 05:52:37,048 - Knowledge - INFO - Found code_base: <app.utils.kg_build.knowledge.KnowledgeCodeBase object at 0x7fe770ede650>
2025-10-07 05:52:37,130 - Knowledge - INFO - process ingested knowledge for /app/data/T0015/147392/b64623x/WeatherApp-Android-147392/app/src/main/java/com/aniketjain/weatherapp/SplashScreen.java
2025-10-07 05:52:37,238 - Knowledge - INFO - Found code-base-name: https://github.com/kavia-common/WeatherApp-Android-147392.git:kavia-master
2025-10-07 05:52:37,312 - Knowledge - INFO - Found code_base: <app.utils.kg_build.knowledge.KnowledgeCodeBase object at 0x7fe770ede650>
2025-10-07 05:52:37,423 - Knowledge - INFO - process ingested knowledge for /app/data/T0015/147392/b64623x/WeatherApp-Android-147392/app/src/main/AndroidManifest.xml
2025-10-07 05:52:37,535 - Knowledge - INFO - Found code-base-name: https://github.com/kavia-common/WeatherApp-Android-147392.git:kavia-master
2025-10-07 05:52:37,648 - Knowledge - INFO - Found code_base: <app.utils.kg_build.knowledge.KnowledgeCodeBase object at 0x7fe770ede650>
2025-10-07 05:52:37,726 - Knowledge - INFO - process ingested knowledge for /app/data/T0015/147392/b64623x/WeatherApp-Android-147392/app/src/main/res/layout/main_layout.xml
2025-10-07 05:52:37,843 - Knowledge - INFO - Found code-base-name: https://github.com/kavia-common/WeatherApp-Android-147392.git:kavia-master
2025-10-07 05:52:37,937 - Knowledge - INFO - Found code_base: <app.utils.kg_build.knowledge.KnowledgeCodeBase object at 0x7fe770ede650>
2025-10-07 05:52:38,032 - Knowledge - INFO - process ingested knowledge for /app/data/T0015/147392/b64623x/WeatherApp-Android-147392/app/src/main/java/com/aniketjain/weatherapp/update/UpdateUI.java
2025-10-07 05:52:38,136 - Knowledge - INFO - Found code-base-name: https://github.com/kavia-common/WeatherApp-Android-147392.git:kavia-master
2025-10-07 05:52:38,231 - Knowledge - INFO - Found code_base: <app.utils.kg_build.knowledge.KnowledgeCodeBase object at 0x7fe770ede650>
2025-10-07 05:52:38,354 - Knowledge - INFO - process ingested knowledge for /app/data/T0015/147392/b64623x/WeatherApp-Android-147392/app/src/main/res/mipmap-anydpi-v26/ic_main_round.xml
2025-10-07 05:52:38,453 - Knowledge - INFO - Found code-base-name: https://github.com/kavia-common/WeatherApp-Android-147392.git:kavia-master
2025-10-07 05:52:38,557 - Knowledge - INFO - Found code_base: <app.utils.kg_build.knowledge.KnowledgeCodeBase object at 0x7fe770ede650>
2025-10-07 05:52:38,680 - Knowledge - INFO - process ingested knowledge for /app/data/T0015/147392/b64623x/WeatherApp-Android-147392/app/src/main/res/layout/activity_splash_screen.xml
2025-10-07 05:52:38,776 - Knowledge - INFO - Found code-base-name: https://github.com/kavia-common/WeatherApp-Android-147392.git:kavia-master
2025-10-07 05:52:38,877 - Knowledge - INFO - Found code_base: <app.utils.kg_build.knowledge.KnowledgeCodeBase object at 0x7fe770ede650>
2025-10-07 05:52:38,997 - Knowledge - INFO - process ingested knowledge for /app/data/T0015/147392/b64623x/WeatherApp-Android-147392/app/src/test/java/com/aniketjain/weatherapp/ExampleUnitTest.java
2025-10-07 05:52:39,098 - Knowledge - INFO - Found code-base-name: https://github.com/kavia-common/WeatherApp-Android-147392.git:kavia-master
2025-10-07 05:52:39,191 - Knowledge - INFO - Found code_base: <app.utils.kg_build.knowledge.KnowledgeCodeBase object at 0x7fe770ede650>
2025-10-07 05:52:39,337 - Knowledge - INFO - process ingested knowledge for /app/data/T0015/147392/b64623x/WeatherApp-Android-147392/settings.gradle
2025-10-07 05:52:39,438 - Knowledge - INFO - Found code-base-name: https://github.com/kavia-common/WeatherApp-Android-147392.git:kavia-master
2025-10-07 05:52:39,538 - Knowledge - INFO - Found code_base: <app.utils.kg_build.knowledge.KnowledgeCodeBase object at 0x7fe770ede650>
2025-10-07 05:52:39,645 - Knowledge - INFO - process ingested knowledge for /app/data/T0015/147392/b64623x/WeatherApp-Android-147392/app/src/main/res/values-es/strings.xml
2025-10-07 05:52:39,760 - Knowledge - INFO - Found code-base-name: https://github.com/kavia-common/WeatherApp-Android-147392.git:kavia-master
2025-10-07 05:52:39,873 - Knowledge - INFO - Found code_base: <app.utils.kg_build.knowledge.KnowledgeCodeBase object at 0x7fe770ede650>
2025-10-07 05:52:39,956 - Knowledge - INFO - process ingested knowledge for /app/data/T0015/147392/b64623x/WeatherApp-Android-147392/app/src/main/res/values-fr/strings.xml
2025-10-07 05:52:40,049 - Knowledge - INFO - Found code-base-name: https://github.com/kavia-common/WeatherApp-Android-147392.git:kavia-master
2025-10-07 05:52:40,150 - Knowledge - INFO - Found code_base: <app.utils.kg_build.knowledge.KnowledgeCodeBase object at 0x7fe770ede650>
2025-10-07 05:52:40,237 - Knowledge - INFO - process ingested knowledge for /app/data/T0015/147392/b64623x/WeatherApp-Android-147392/app/src/androidTest/java/com/aniketjain/weatherapp/ExampleInstrumentedTest.java
2025-10-07 05:52:40,332 - Knowledge - INFO - Found code-base-name: https://github.com/kavia-common/WeatherApp-Android-147392.git:kavia-master
2025-10-07 05:52:40,421 - Knowledge - INFO - Found code_base: <app.utils.kg_build.knowledge.KnowledgeCodeBase object at 0x7fe770ede650>
2025-10-07 05:52:40,512 - Knowledge - INFO - process ingested knowledge for /app/data/T0015/147392/b64623x/WeatherApp-Android-147392/app/src/main/res/layout/day_item_layout.xml
2025-10-07 05:52:40,629 - Knowledge - INFO - Found code-base-name: https://github.com/kavia-common/WeatherApp-Android-147392.git:kavia-master
2025-10-07 05:52:40,732 - Knowledge - INFO - Found code_base: <app.utils.kg_build.knowledge.KnowledgeCodeBase object at 0x7fe770ede650>
2025-10-07 05:52:40,844 - Knowledge - INFO - process ingested knowledge for /app/data/T0015/147392/b64623x/WeatherApp-Android-147392/app/src/main/java/com/aniketjain/weatherapp/adapter/DaysAdapter.java
2025-10-07 05:52:40,928 - Knowledge - INFO - Found code-base-name: https://github.com/kavia-common/WeatherApp-Android-147392.git:kavia-master
2025-10-07 05:52:41,014 - Knowledge - INFO - Found code_base: <app.utils.kg_build.knowledge.KnowledgeCodeBase object at 0x7fe770ede650>
2025-10-07 05:52:41,107 - Knowledge - INFO - process ingested knowledge for /app/data/T0015/147392/b64623x/WeatherApp-Android-147392/app/src/main/res/layout/activity_home.xml
2025-10-07 05:52:41,230 - Knowledge - INFO - Found code-base-name: https://github.com/kavia-common/WeatherApp-Android-147392.git:kavia-master
2025-10-07 05:52:41,330 - Knowledge - INFO - Found code_base: <app.utils.kg_build.knowledge.KnowledgeCodeBase object at 0x7fe770ede650>
2025-10-07 05:52:41,432 - Knowledge - INFO - process ingested knowledge for /app/data/T0015/147392/b64623x/WeatherApp-Android-147392/README.md
2025-10-07 05:52:41,525 - Knowledge - INFO - Found code-base-name: https://github.com/kavia-common/WeatherApp-Android-147392.git:kavia-master
2025-10-07 05:52:41,623 - Knowledge - INFO - Found code_base: <app.utils.kg_build.knowledge.KnowledgeCodeBase object at 0x7fe770ede650>
2025-10-07 05:52:41,744 - Knowledge - INFO - process ingested knowledge for /app/data/T0015/147392/b64623x/WeatherApp-Android-147392/build.gradle
2025-10-07 05:52:41,869 - Knowledge - INFO - Found code-base-name: https://github.com/kavia-common/WeatherApp-Android-147392.git:kavia-master
2025-10-07 05:52:41,966 - Knowledge - INFO - Found code_base: <app.utils.kg_build.knowledge.KnowledgeCodeBase object at 0x7fe770ede650>
2025-10-07 05:52:42,068 - Knowledge - INFO - process ingested knowledge for /app/data/T0015/147392/b64623x/WeatherApp-Android-147392/app/src/main/java/com/aniketjain/weatherapp/HomeActivity.java
2025-10-07 05:52:42,181 - Knowledge - INFO - Found code-base-name: https://github.com/kavia-common/WeatherApp-Android-147392.git:kavia-master
2025-10-07 05:52:42,262 - Knowledge - INFO - Found code_base: <app.utils.kg_build.knowledge.KnowledgeCodeBase object at 0x7fe770ede650>
2025-10-07 05:52:42,385 - Knowledge - INFO - process ingested knowledge for /app/data/T0015/147392/b64623x/WeatherApp-Android-147392/app/build.gradle
2025-10-07 05:52:42,484 - Knowledge - INFO - Found code-base-name: https://github.com/kavia-common/WeatherApp-Android-147392.git:kavia-master
2025-10-07 05:52:42,563 - Knowledge - INFO - Found code_base: <app.utils.kg_build.knowledge.KnowledgeCodeBase object at 0x7fe770ede650>
2025-10-07 05:52:42,671 - Knowledge - INFO - process ingested knowledge for /app/data/T0015/147392/b64623x/WeatherApp-Android-147392/CODE_OF_CONDUCT.md
2025-10-07 05:52:42,773 - Knowledge - INFO - Found code-base-name: https://github.com/kavia-common/WeatherApp-Android-147392.git:kavia-master
2025-10-07 05:52:42,868 - Knowledge - INFO - Found code_base: <app.utils.kg_build.knowledge.KnowledgeCodeBase object at 0x7fe770ede650>
2025-10-07 05:52:42,950 - Knowledge - INFO - process ingested knowledge for /app/data/T0015/147392/b64623x/WeatherApp-Android-147392/app/src/main/res/drawable/ic_main_background.xml
2025-10-07 05:52:43,056 - Knowledge - INFO - Found code-base-name: https://github.com/kavia-common/WeatherApp-Android-147392.git:kavia-master
2025-10-07 05:52:43,136 - Knowledge - INFO - Found code_base: <app.utils.kg_build.knowledge.KnowledgeCodeBase object at 0x7fe770ede650>
2025-10-07 05:52:43,226 - Knowledge - INFO - process ingested knowledge for /app/data/T0015/147392/b64623x/WeatherApp-Android-147392/app/src/main/java/com/aniketjain/weatherapp/toast/Toaster.java
2025-10-07 05:52:43,312 - Knowledge - INFO - Found code-base-name: https://github.com/kavia-common/WeatherApp-Android-147392.git:kavia-master
2025-10-07 05:52:43,393 - Knowledge - INFO - Found code_base: <app.utils.kg_build.knowledge.KnowledgeCodeBase object at 0x7fe770ede650>
2025-10-07 05:52:43,472 - Knowledge - INFO - process ingested knowledge for /app/data/T0015/147392/b64623x/WeatherApp-Android-147392/app/src/main/res/raw/cloud_cycle_lottie.json
2025-10-07 05:52:43,579 - Knowledge - INFO - Found code-base-name: https://github.com/kavia-common/WeatherApp-Android-147392.git:kavia-master
2025-10-07 05:52:43,677 - Knowledge - INFO - Found code_base: <app.utils.kg_build.knowledge.KnowledgeCodeBase object at 0x7fe770ede650>
2025-10-07 05:52:43,779 - Knowledge - INFO - process ingested knowledge for /app/data/T0015/147392/b64623x/WeatherApp-Android-147392/app/src/main/res/mipmap-anydpi-v26/ic_main.xml
2025-10-07 05:52:43,900 - Knowledge - INFO - Found code-base-name: https://github.com/kavia-common/WeatherApp-Android-147392.git:kavia-master
2025-10-07 05:52:43,987 - Knowledge - INFO - Found code_base: <app.utils.kg_build.knowledge.KnowledgeCodeBase object at 0x7fe770ede650>
2025-10-07 05:52:44,080 - Knowledge - INFO - process ingested knowledge for /app/data/T0015/147392/b64623x/WeatherApp-Android-147392/app/src/main/res/values-night/strings.xml
2025-10-07 05:52:44,160 - Knowledge - INFO - Found code-base-name: https://github.com/kavia-common/WeatherApp-Android-147392.git:kavia-master
2025-10-07 05:52:44,244 - Knowledge - INFO - Found code_base: <app.utils.kg_build.knowledge.KnowledgeCodeBase object at 0x7fe770ede650>
2025-10-07 05:52:44,353 - Knowledge - INFO - process ingested knowledge for /app/data/T0015/147392/b64623x/WeatherApp-Android-147392/index.html
2025-10-07 05:52:44,459 - Knowledge - INFO - Found code-base-name: https://github.com/kavia-common/WeatherApp-Android-147392.git:kavia-master
2025-10-07 05:52:44,538 - Knowledge - INFO - Found code_base: <app.utils.kg_build.knowledge.KnowledgeCodeBase object at 0x7fe770ede650>
2025-10-07 05:52:44,618 - Knowledge - INFO - process ingested knowledge for /app/data/T0015/147392/b64623x/WeatherApp-Android-147392/app/proguard-rules.pro
2025-10-07 05:52:44,767 - Knowledge - INFO - Found code-base-name: https://github.com/kavia-common/WeatherApp-Android-147392.git:kavia-master
2025-10-07 05:52:44,881 - Knowledge - INFO - Found code_base: <app.utils.kg_build.knowledge.KnowledgeCodeBase object at 0x7fe770ede650>
2025-10-07 05:52:44,990 - Knowledge - INFO - process ingested knowledge for /app/data/T0015/147392/b64623x/WeatherApp-Android-147392/app/src/main/res/drawable/ic_launcher_foreground.xml
2025-10-07 05:52:45,108 - Knowledge - INFO - Found code-base-name: https://github.com/kavia-common/WeatherApp-Android-147392.git:kavia-master
2025-10-07 05:52:45,236 - Knowledge - INFO - Found code_base: <app.utils.kg_build.knowledge.KnowledgeCodeBase object at 0x7fe770ede650>
2025-10-07 05:52:45,358 - Knowledge - INFO - process ingested knowledge for /app/data/T0015/147392/b64623x/WeatherApp-Android-147392/CONTRIBUTING.md
2025-10-07 05:52:45,455 - Knowledge - INFO - Found code-base-name: https://github.com/kavia-common/WeatherApp-Android-147392.git:kavia-master
2025-10-07 05:52:45,545 - Knowledge - INFO - Found code_base: <app.utils.kg_build.knowledge.KnowledgeCodeBase object at 0x7fe770ede650>
2025-10-07 05:52:45,656 - Knowledge - INFO - process ingested knowledge for /app/data/T0015/147392/b64623x/WeatherApp-Android-147392/app/src/main/res/mipmap-anydpi-v26/ic_launcher_round.xml
2025-10-07 05:52:45,755 - Knowledge - INFO - Found code-base-name: https://github.com/kavia-common/WeatherApp-Android-147392.git:kavia-master
2025-10-07 05:52:45,866 - Knowledge - INFO - Found code_base: <app.utils.kg_build.knowledge.KnowledgeCodeBase object at 0x7fe770ede650>
2025-10-07 05:52:45,978 - Knowledge - INFO - process ingested knowledge for /app/data/T0015/147392/b64623x/WeatherApp-Android-147392/SECURITY.md
2025-10-07 05:52:46,099 - Knowledge - INFO - Found code-base-name: https://github.com/kavia-common/WeatherApp-Android-147392.git:kavia-master
2025-10-07 05:52:46,221 - Knowledge - INFO - Found code_base: <app.utils.kg_build.knowledge.KnowledgeCodeBase object at 0x7fe770ede650>
2025-10-07 05:52:46,336 - Knowledge - INFO - process ingested knowledge for /app/data/T0015/147392/b64623x/WeatherApp-Android-147392/app/src/main/res/drawable/ic_baseline_error_outline_24.xml
2025-10-07 05:52:46,457 - Knowledge - INFO - Found code-base-name: https://github.com/kavia-common/WeatherApp-Android-147392.git:kavia-master
2025-10-07 05:52:46,569 - Knowledge - INFO - Found code_base: <app.utils.kg_build.knowledge.KnowledgeCodeBase object at 0x7fe770ede650>
2025-10-07 05:52:46,665 - Knowledge - INFO - process ingested knowledge for /app/data/T0015/147392/b64623x/WeatherApp-Android-147392/app/src/main/res/values-night/themes.xml
2025-10-07 05:52:46,796 - Knowledge - INFO - load persisted knowledge: end
2025-10-07 05:52:46,912 - Knowledge - INFO - load persisted docinfo: begin
2025-10-07 05:52:47,014 - Knowledge - INFO - load persisted docinfo: end
2025-10-07 05:52:47,247 - Knowledge - INFO - worker kw1 created with dedicated MongoDB connection (total: 1)
2025-10-07 05:52:47,341 - Knowledge - INFO - knowledge worker kw1 start
2025-10-07 05:52:47,453 - Knowledge - INFO - Knowledge creation complete
2025-10-07 05:52:47,545 - Knowledge - INFO - Updating org costs, total cost: 0
2025-10-07 05:52:48,359 - Knowledge - INFO - Saving knowledge to Redis...
2025-10-07 05:52:48,503 - Knowledge - INFO - Knowledge saved to Redis successfully
2025-10-07 09:24:14,130 - Knowledge - INFO - Redis support added with prefix knowledge:b64623x:
2025-10-07 09:24:14,593 - Knowledge - INFO - load persisted knowledge: begin
2025-10-07 09:24:14,708 - Knowledge - INFO - Found code-base-name: https://github.com/kavia-common/WeatherApp-Android-147392.git:kavia-master
2025-10-07 09:24:14,794 - Knowledge - INFO - Found code_base: <app.utils.kg_build.knowledge.KnowledgeCodeBase object at 0x7f7dccfa9310>
2025-10-07 09:24:14,915 - Knowledge - INFO - process ingested knowledge for /app/data/T0015/147392/b64623x/WeatherApp-Android-147392/app/src/main/java/com/aniketjain/weatherapp/location/LocationCord.java
2025-10-07 09:24:15,019 - Knowledge - INFO - Found code-base-name: https://github.com/kavia-common/WeatherApp-Android-147392.git:kavia-master
2025-10-07 09:24:15,108 - Knowledge - INFO - Found code_base: <app.utils.kg_build.knowledge.KnowledgeCodeBase object at 0x7f7dccfa9310>
2025-10-07 09:24:15,208 - Knowledge - INFO - process ingested knowledge for /app/data/T0015/147392/b64623x/WeatherApp-Android-147392/app/src/main/java/com/aniketjain/weatherapp/location/CityFinder.java
2025-10-07 09:24:15,325 - Knowledge - INFO - Found code-base-name: https://github.com/kavia-common/WeatherApp-Android-147392.git:kavia-master
2025-10-07 09:24:15,433 - Knowledge - INFO - Found code_base: <app.utils.kg_build.knowledge.KnowledgeCodeBase object at 0x7f7dccfa9310>
2025-10-07 09:24:15,548 - Knowledge - INFO - process ingested knowledge for /app/data/T0015/147392/b64623x/WeatherApp-Android-147392/app/src/main/res/mipmap-anydpi-v26/ic_launcher.xml
2025-10-07 09:24:15,659 - Knowledge - INFO - Found code-base-name: https://github.com/kavia-common/WeatherApp-Android-147392.git:kavia-master
2025-10-07 09:24:15,753 - Knowledge - INFO - Found code_base: <app.utils.kg_build.knowledge.KnowledgeCodeBase object at 0x7f7dccfa9310>
2025-10-07 09:24:15,845 - Knowledge - INFO - process ingested knowledge for /app/data/T0015/147392/b64623x/WeatherApp-Android-147392/app/src/main/res/drawable/ic_launcher_background.xml
2025-10-07 09:24:15,981 - Knowledge - INFO - Found code-base-name: https://github.com/kavia-common/WeatherApp-Android-147392.git:kavia-master
2025-10-07 09:24:16,069 - Knowledge - INFO - Found code_base: <app.utils.kg_build.knowledge.KnowledgeCodeBase object at 0x7f7dccfa9310>
2025-10-07 09:24:16,158 - Knowledge - INFO - process ingested knowledge for /app/data/T0015/147392/b64623x/WeatherApp-Android-147392/app/src/main/java/com/aniketjain/weatherapp/network/InternetConnectivity.java
2025-10-07 09:24:16,238 - Knowledge - INFO - Found code-base-name: https://github.com/kavia-common/WeatherApp-Android-147392.git:kavia-master
2025-10-07 09:24:16,353 - Knowledge - INFO - Found code_base: <app.utils.kg_build.knowledge.KnowledgeCodeBase object at 0x7f7dccfa9310>
2025-10-07 09:24:16,464 - Knowledge - INFO - process ingested knowledge for /app/data/T0015/147392/b64623x/WeatherApp-Android-147392/app/src/main/res/values/themes.xml
2025-10-07 09:24:16,584 - Knowledge - INFO - Found code-base-name: https://github.com/kavia-common/WeatherApp-Android-147392.git:kavia-master
2025-10-07 09:24:16,675 - Knowledge - INFO - Found code_base: <app.utils.kg_build.knowledge.KnowledgeCodeBase object at 0x7f7dccfa9310>
2025-10-07 09:24:16,762 - Knowledge - INFO - process ingested knowledge for /app/data/T0015/147392/b64623x/WeatherApp-Android-147392/app/src/main/res/drawable/ic_baseline_check_24.xml
2025-10-07 09:24:16,866 - Knowledge - INFO - Found code-base-name: https://github.com/kavia-common/WeatherApp-Android-147392.git:kavia-master
2025-10-07 09:24:17,033 - Knowledge - INFO - Found code_base: <app.utils.kg_build.knowledge.KnowledgeCodeBase object at 0x7f7dccfa9310>
2025-10-07 09:24:17,110 - Knowledge - INFO - process ingested knowledge for /app/data/T0015/147392/b64623x/WeatherApp-Android-147392/app/src/main/res/values/colors.xml
2025-10-07 09:24:17,234 - Knowledge - INFO - Found code-base-name: https://github.com/kavia-common/WeatherApp-Android-147392.git:kavia-master
2025-10-07 09:24:17,308 - Knowledge - INFO - Found code_base: <app.utils.kg_build.knowledge.KnowledgeCodeBase object at 0x7f7dccfa9310>
2025-10-07 09:24:17,389 - Knowledge - INFO - process ingested knowledge for /app/data/T0015/147392/b64623x/WeatherApp-Android-147392/app/src/main/res/values/strings.xml
2025-10-07 09:24:17,504 - Knowledge - INFO - Found code-base-name: https://github.com/kavia-common/WeatherApp-Android-147392.git:kavia-master
2025-10-07 09:24:17,592 - Knowledge - INFO - Found code_base: <app.utils.kg_build.knowledge.KnowledgeCodeBase object at 0x7f7dccfa9310>
2025-10-07 09:24:17,680 - Knowledge - INFO - process ingested knowledge for /app/data/T0015/147392/b64623x/WeatherApp-Android-147392/app/src/main/java/com/aniketjain/weatherapp/url/URL.java
2025-10-07 09:24:17,802 - Knowledge - INFO - Found code-base-name: https://github.com/kavia-common/WeatherApp-Android-147392.git:kavia-master
2025-10-07 09:24:17,874 - Knowledge - INFO - Found code_base: <app.utils.kg_build.knowledge.KnowledgeCodeBase object at 0x7f7dccfa9310>
2025-10-07 09:24:17,974 - Knowledge - INFO - process ingested knowledge for /app/data/T0015/147392/b64623x/WeatherApp-Android-147392/app/src/main/res/values-de/strings.xml
2025-10-07 09:24:18,072 - Knowledge - INFO - Found code-base-name: https://github.com/kavia-common/WeatherApp-Android-147392.git:kavia-master
2025-10-07 09:24:18,197 - Knowledge - INFO - Found code_base: <app.utils.kg_build.knowledge.KnowledgeCodeBase object at 0x7f7dccfa9310>
2025-10-07 09:24:18,271 - Knowledge - INFO - process ingested knowledge for /app/data/T0015/147392/b64623x/WeatherApp-Android-147392/app/src/main/java/com/aniketjain/weatherapp/SplashScreen.java
2025-10-07 09:24:18,382 - Knowledge - INFO - Found code-base-name: https://github.com/kavia-common/WeatherApp-Android-147392.git:kavia-master
2025-10-07 09:24:18,482 - Knowledge - INFO - Found code_base: <app.utils.kg_build.knowledge.KnowledgeCodeBase object at 0x7f7dccfa9310>
2025-10-07 09:24:18,591 - Knowledge - INFO - process ingested knowledge for /app/data/T0015/147392/b64623x/WeatherApp-Android-147392/app/src/main/AndroidManifest.xml
2025-10-07 09:24:18,690 - Knowledge - INFO - Found code-base-name: https://github.com/kavia-common/WeatherApp-Android-147392.git:kavia-master
2025-10-07 09:24:18,817 - Knowledge - INFO - Found code_base: <app.utils.kg_build.knowledge.KnowledgeCodeBase object at 0x7f7dccfa9310>
2025-10-07 09:24:18,908 - Knowledge - INFO - process ingested knowledge for /app/data/T0015/147392/b64623x/WeatherApp-Android-147392/app/src/main/res/layout/main_layout.xml
2025-10-07 09:24:19,017 - Knowledge - INFO - Found code-base-name: https://github.com/kavia-common/WeatherApp-Android-147392.git:kavia-master
2025-10-07 09:24:19,194 - Knowledge - INFO - Found code_base: <app.utils.kg_build.knowledge.KnowledgeCodeBase object at 0x7f7dccfa9310>
2025-10-07 09:24:19,303 - Knowledge - INFO - process ingested knowledge for /app/data/T0015/147392/b64623x/WeatherApp-Android-147392/app/src/main/java/com/aniketjain/weatherapp/update/UpdateUI.java
2025-10-07 09:24:19,425 - Knowledge - INFO - Found code-base-name: https://github.com/kavia-common/WeatherApp-Android-147392.git:kavia-master
2025-10-07 09:24:19,523 - Knowledge - INFO - Found code_base: <app.utils.kg_build.knowledge.KnowledgeCodeBase object at 0x7f7dccfa9310>
2025-10-07 09:24:19,616 - Knowledge - INFO - process ingested knowledge for /app/data/T0015/147392/b64623x/WeatherApp-Android-147392/app/src/main/res/mipmap-anydpi-v26/ic_main_round.xml
2025-10-07 09:24:19,723 - Knowledge - INFO - Found code-base-name: https://github.com/kavia-common/WeatherApp-Android-147392.git:kavia-master
2025-10-07 09:24:19,807 - Knowledge - INFO - Found code_base: <app.utils.kg_build.knowledge.KnowledgeCodeBase object at 0x7f7dccfa9310>
2025-10-07 09:24:19,899 - Knowledge - INFO - process ingested knowledge for /app/data/T0015/147392/b64623x/WeatherApp-Android-147392/app/src/main/res/layout/activity_splash_screen.xml
2025-10-07 09:24:20,010 - Knowledge - INFO - Found code-base-name: https://github.com/kavia-common/WeatherApp-Android-147392.git:kavia-master
2025-10-07 09:24:20,129 - Knowledge - INFO - Found code_base: <app.utils.kg_build.knowledge.KnowledgeCodeBase object at 0x7f7dccfa9310>
2025-10-07 09:24:20,240 - Knowledge - INFO - process ingested knowledge for /app/data/T0015/147392/b64623x/WeatherApp-Android-147392/app/src/test/java/com/aniketjain/weatherapp/ExampleUnitTest.java
2025-10-07 09:24:20,329 - Knowledge - INFO - Found code-base-name: https://github.com/kavia-common/WeatherApp-Android-147392.git:kavia-master
2025-10-07 09:24:20,446 - Knowledge - INFO - Found code_base: <app.utils.kg_build.knowledge.KnowledgeCodeBase object at 0x7f7dccfa9310>
2025-10-07 09:24:20,527 - Knowledge - INFO - process ingested knowledge for /app/data/T0015/147392/b64623x/WeatherApp-Android-147392/settings.gradle
2025-10-07 09:24:20,634 - Knowledge - INFO - Found code-base-name: https://github.com/kavia-common/WeatherApp-Android-147392.git:kavia-master
2025-10-07 09:24:20,719 - Knowledge - INFO - Found code_base: <app.utils.kg_build.knowledge.KnowledgeCodeBase object at 0x7f7dccfa9310>
2025-10-07 09:24:20,800 - Knowledge - INFO - process ingested knowledge for /app/data/T0015/147392/b64623x/WeatherApp-Android-147392/app/src/main/res/values-es/strings.xml
2025-10-07 09:24:20,938 - Knowledge - INFO - Found code-base-name: https://github.com/kavia-common/WeatherApp-Android-147392.git:kavia-master
2025-10-07 09:24:21,044 - Knowledge - INFO - Found code_base: <app.utils.kg_build.knowledge.KnowledgeCodeBase object at 0x7f7dccfa9310>
2025-10-07 09:24:21,138 - Knowledge - INFO - process ingested knowledge for /app/data/T0015/147392/b64623x/WeatherApp-Android-147392/app/src/main/res/values-fr/strings.xml
2025-10-07 09:24:21,249 - Knowledge - INFO - Found code-base-name: https://github.com/kavia-common/WeatherApp-Android-147392.git:kavia-master
2025-10-07 09:24:21,375 - Knowledge - INFO - Found code_base: <app.utils.kg_build.knowledge.KnowledgeCodeBase object at 0x7f7dccfa9310>
2025-10-07 09:24:21,492 - Knowledge - INFO - process ingested knowledge for /app/data/T0015/147392/b64623x/WeatherApp-Android-147392/app/src/androidTest/java/com/aniketjain/weatherapp/ExampleInstrumentedTest.java
2025-10-07 09:24:21,615 - Knowledge - INFO - Found code-base-name: https://github.com/kavia-common/WeatherApp-Android-147392.git:kavia-master
2025-10-07 09:24:21,711 - Knowledge - INFO - Found code_base: <app.utils.kg_build.knowledge.KnowledgeCodeBase object at 0x7f7dccfa9310>
2025-10-07 09:24:21,813 - Knowledge - INFO - process ingested knowledge for /app/data/T0015/147392/b64623x/WeatherApp-Android-147392/app/src/main/res/layout/day_item_layout.xml
2025-10-07 09:24:21,927 - Knowledge - INFO - Found code-base-name: https://github.com/kavia-common/WeatherApp-Android-147392.git:kavia-master
2025-10-07 09:24:22,011 - Knowledge - INFO - Found code_base: <app.utils.kg_build.knowledge.KnowledgeCodeBase object at 0x7f7dccfa9310>
2025-10-07 09:24:22,099 - Knowledge - INFO - process ingested knowledge for /app/data/T0015/147392/b64623x/WeatherApp-Android-147392/app/src/main/java/com/aniketjain/weatherapp/adapter/DaysAdapter.java
2025-10-07 09:24:22,193 - Knowledge - INFO - Found code-base-name: https://github.com/kavia-common/WeatherApp-Android-147392.git:kavia-master
2025-10-07 09:24:22,304 - Knowledge - INFO - Found code_base: <app.utils.kg_build.knowledge.KnowledgeCodeBase object at 0x7f7dccfa9310>
2025-10-07 09:24:22,469 - Knowledge - INFO - process ingested knowledge for /app/data/T0015/147392/b64623x/WeatherApp-Android-147392/app/src/main/res/layout/activity_home.xml
2025-10-07 09:24:22,566 - Knowledge - INFO - Found code-base-name: https://github.com/kavia-common/WeatherApp-Android-147392.git:kavia-master
2025-10-07 09:24:22,692 - Knowledge - INFO - Found code_base: <app.utils.kg_build.knowledge.KnowledgeCodeBase object at 0x7f7dccfa9310>
2025-10-07 09:24:22,791 - Knowledge - INFO - process ingested knowledge for /app/data/T0015/147392/b64623x/WeatherApp-Android-147392/README.md
2025-10-07 09:24:22,910 - Knowledge - INFO - Found code-base-name: https://github.com/kavia-common/WeatherApp-Android-147392.git:kavia-master
2025-10-07 09:24:22,997 - Knowledge - INFO - Found code_base: <app.utils.kg_build.knowledge.KnowledgeCodeBase object at 0x7f7dccfa9310>
2025-10-07 09:24:23,106 - Knowledge - INFO - process ingested knowledge for /app/data/T0015/147392/b64623x/WeatherApp-Android-147392/build.gradle
2025-10-07 09:24:23,236 - Knowledge - INFO - Found code-base-name: https://github.com/kavia-common/WeatherApp-Android-147392.git:kavia-master
2025-10-07 09:24:23,330 - Knowledge - INFO - Found code_base: <app.utils.kg_build.knowledge.KnowledgeCodeBase object at 0x7f7dccfa9310>
2025-10-07 09:24:23,444 - Knowledge - INFO - process ingested knowledge for /app/data/T0015/147392/b64623x/WeatherApp-Android-147392/app/src/main/java/com/aniketjain/weatherapp/HomeActivity.java
2025-10-07 09:24:23,524 - Knowledge - INFO - Found code-base-name: https://github.com/kavia-common/WeatherApp-Android-147392.git:kavia-master
2025-10-07 09:24:23,640 - Knowledge - INFO - Found code_base: <app.utils.kg_build.knowledge.KnowledgeCodeBase object at 0x7f7dccfa9310>
2025-10-07 09:24:23,736 - Knowledge - INFO - process ingested knowledge for /app/data/T0015/147392/b64623x/WeatherApp-Android-147392/app/build.gradle
2025-10-07 09:24:23,862 - Knowledge - INFO - Found code-base-name: https://github.com/kavia-common/WeatherApp-Android-147392.git:kavia-master
2025-10-07 09:24:23,958 - Knowledge - INFO - Found code_base: <app.utils.kg_build.knowledge.KnowledgeCodeBase object at 0x7f7dccfa9310>
2025-10-07 09:24:24,068 - Knowledge - INFO - process ingested knowledge for /app/data/T0015/147392/b64623x/WeatherApp-Android-147392/CODE_OF_CONDUCT.md
2025-10-07 09:24:24,165 - Knowledge - INFO - Found code-base-name: https://github.com/kavia-common/WeatherApp-Android-147392.git:kavia-master
2025-10-07 09:24:24,276 - Knowledge - INFO - Found code_base: <app.utils.kg_build.knowledge.KnowledgeCodeBase object at 0x7f7dccfa9310>
2025-10-07 09:24:24,391 - Knowledge - INFO - process ingested knowledge for /app/data/T0015/147392/b64623x/WeatherApp-Android-147392/app/src/main/res/drawable/ic_main_background.xml
2025-10-07 09:24:24,495 - Knowledge - INFO - Found code-base-name: https://github.com/kavia-common/WeatherApp-Android-147392.git:kavia-master
2025-10-07 09:24:24,589 - Knowledge - INFO - Found code_base: <app.utils.kg_build.knowledge.KnowledgeCodeBase object at 0x7f7dccfa9310>
2025-10-07 09:24:24,660 - Knowledge - INFO - process ingested knowledge for /app/data/T0015/147392/b64623x/WeatherApp-Android-147392/app/src/main/java/com/aniketjain/weatherapp/toast/Toaster.java
2025-10-07 09:24:24,762 - Knowledge - INFO - Found code-base-name: https://github.com/kavia-common/WeatherApp-Android-147392.git:kavia-master
2025-10-07 09:24:24,854 - Knowledge - INFO - Found code_base: <app.utils.kg_build.knowledge.KnowledgeCodeBase object at 0x7f7dccfa9310>
2025-10-07 09:24:24,943 - Knowledge - INFO - process ingested knowledge for /app/data/T0015/147392/b64623x/WeatherApp-Android-147392/app/src/main/res/raw/cloud_cycle_lottie.json
2025-10-07 09:24:25,081 - Knowledge - INFO - Found code-base-name: https://github.com/kavia-common/WeatherApp-Android-147392.git:kavia-master
2025-10-07 09:24:25,204 - Knowledge - INFO - Found code_base: <app.utils.kg_build.knowledge.KnowledgeCodeBase object at 0x7f7dccfa9310>
2025-10-07 09:24:25,303 - Knowledge - INFO - process ingested knowledge for /app/data/T0015/147392/b64623x/WeatherApp-Android-147392/app/src/main/res/mipmap-anydpi-v26/ic_main.xml
2025-10-07 09:24:25,425 - Knowledge - INFO - Found code-base-name: https://github.com/kavia-common/WeatherApp-Android-147392.git:kavia-master
2025-10-07 09:24:25,526 - Knowledge - INFO - Found code_base: <app.utils.kg_build.knowledge.KnowledgeCodeBase object at 0x7f7dccfa9310>
2025-10-07 09:24:25,636 - Knowledge - INFO - process ingested knowledge for /app/data/T0015/147392/b64623x/WeatherApp-Android-147392/app/src/main/res/values-night/strings.xml
2025-10-07 09:24:25,732 - Knowledge - INFO - Found code-base-name: https://github.com/kavia-common/WeatherApp-Android-147392.git:kavia-master
2025-10-07 09:24:25,821 - Knowledge - INFO - Found code_base: <app.utils.kg_build.knowledge.KnowledgeCodeBase object at 0x7f7dccfa9310>
2025-10-07 09:24:25,903 - Knowledge - INFO - process ingested knowledge for /app/data/T0015/147392/b64623x/WeatherApp-Android-147392/index.html
2025-10-07 09:24:26,018 - Knowledge - INFO - Found code-base-name: https://github.com/kavia-common/WeatherApp-Android-147392.git:kavia-master
2025-10-07 09:24:26,145 - Knowledge - INFO - Found code_base: <app.utils.kg_build.knowledge.KnowledgeCodeBase object at 0x7f7dccfa9310>
2025-10-07 09:24:26,253 - Knowledge - INFO - process ingested knowledge for /app/data/T0015/147392/b64623x/WeatherApp-Android-147392/app/proguard-rules.pro
2025-10-07 09:24:26,371 - Knowledge - INFO - Found code-base-name: https://github.com/kavia-common/WeatherApp-Android-147392.git:kavia-master
2025-10-07 09:24:26,494 - Knowledge - INFO - Found code_base: <app.utils.kg_build.knowledge.KnowledgeCodeBase object at 0x7f7dccfa9310>
2025-10-07 09:24:26,618 - Knowledge - INFO - process ingested knowledge for /app/data/T0015/147392/b64623x/WeatherApp-Android-147392/app/src/main/res/drawable/ic_launcher_foreground.xml
2025-10-07 09:24:26,756 - Knowledge - INFO - Found code-base-name: https://github.com/kavia-common/WeatherApp-Android-147392.git:kavia-master
2025-10-07 09:24:26,860 - Knowledge - INFO - Found code_base: <app.utils.kg_build.knowledge.KnowledgeCodeBase object at 0x7f7dccfa9310>
2025-10-07 09:24:26,952 - Knowledge - INFO - process ingested knowledge for /app/data/T0015/147392/b64623x/WeatherApp-Android-147392/CONTRIBUTING.md
2025-10-07 09:24:27,061 - Knowledge - INFO - Found code-base-name: https://github.com/kavia-common/WeatherApp-Android-147392.git:kavia-master
2025-10-07 09:24:27,153 - Knowledge - INFO - Found code_base: <app.utils.kg_build.knowledge.KnowledgeCodeBase object at 0x7f7dccfa9310>
2025-10-07 09:24:27,244 - Knowledge - INFO - process ingested knowledge for /app/data/T0015/147392/b64623x/WeatherApp-Android-147392/app/src/main/res/mipmap-anydpi-v26/ic_launcher_round.xml
2025-10-07 09:24:27,362 - Knowledge - INFO - Found code-base-name: https://github.com/kavia-common/WeatherApp-Android-147392.git:kavia-master
2025-10-07 09:24:27,449 - Knowledge - INFO - Found code_base: <app.utils.kg_build.knowledge.KnowledgeCodeBase object at 0x7f7dccfa9310>
2025-10-07 09:24:27,532 - Knowledge - INFO - process ingested knowledge for /app/data/T0015/147392/b64623x/WeatherApp-Android-147392/SECURITY.md
2025-10-07 09:24:27,657 - Knowledge - INFO - Found code-base-name: https://github.com/kavia-common/WeatherApp-Android-147392.git:kavia-master
2025-10-07 09:24:27,770 - Knowledge - INFO - Found code_base: <app.utils.kg_build.knowledge.KnowledgeCodeBase object at 0x7f7dccfa9310>
2025-10-07 09:24:27,889 - Knowledge - INFO - process ingested knowledge for /app/data/T0015/147392/b64623x/WeatherApp-Android-147392/app/src/main/res/drawable/ic_baseline_error_outline_24.xml
2025-10-07 09:24:27,973 - Knowledge - INFO - Found code-base-name: https://github.com/kavia-common/WeatherApp-Android-147392.git:kavia-master
2025-10-07 09:24:28,092 - Knowledge - INFO - Found code_base: <app.utils.kg_build.knowledge.KnowledgeCodeBase object at 0x7f7dccfa9310>
2025-10-07 09:24:28,175 - Knowledge - INFO - process ingested knowledge for /app/data/T0015/147392/b64623x/WeatherApp-Android-147392/app/src/main/res/values-night/themes.xml
2025-10-07 09:24:28,289 - Knowledge - INFO - load persisted knowledge: end
2025-10-07 09:24:28,367 - Knowledge - INFO - load persisted docinfo: begin
2025-10-07 09:24:28,458 - Knowledge - INFO - load persisted docinfo: end
2025-10-07 09:24:28,621 - Knowledge - INFO - worker kw1 created with dedicated MongoDB connection (total: 1)
2025-10-07 09:24:28,745 - Knowledge - INFO - knowledge worker kw1 start
2025-10-07 09:24:28,827 - Knowledge - INFO - Knowledge creation complete
2025-10-07 09:24:28,915 - Knowledge - INFO - Updating org costs, total cost: 0
2025-10-07 09:24:29,767 - Knowledge - INFO - Saving knowledge to Redis...
2025-10-07 09:24:29,889 - Knowledge - INFO - Knowledge saved to Redis successfully
